Day,Value,Indicator,Year
001,24,"PM10, ug/m3",2024
002,33,"PM10, ug/m3",2024
003,31,"PM10, ug/m3",2024
004,24,"PM10, ug/m3",2024
005,5,"PM10, ug/m3",2024
006,7,"PM10, ug/m3",2024
007,3,"PM10, ug/m3",2024
008,13,"PM10, ug/m3",2024
009,16,"PM10, ug/m3",2024
010,3,"PM10, ug/m3",2024
011,4,"PM10, ug/m3",2024
012,5,"PM10, ug/m3",2024
013,3,"PM10, ug/m3",2024
014,6,"PM10, ug/m3",2024
015,11,"PM10, ug/m3",2024
016,29,"PM10, ug/m3",2024
017,10,"PM10, ug/m3",2024
018,20,"PM10, ug/m3",2024
019,35,"PM10, ug/m3",2024
020,12,"PM10, ug/m3",2024
021,9,"PM10, ug/m3",2024
022,29,"PM10, ug/m3",2024
023,40,"PM10, ug/m3",2024
024,29,"PM10, ug/m3",2024
025,8,"PM10, ug/m3",2024
026,19,"PM10, ug/m3",2024
027,25,"PM10, ug/m3",2024
028,20,"PM10, ug/m3",2024
029,46,"PM10, ug/m3",2024
030,54,"PM10, ug/m3",2024
031,31,"PM10, ug/m3",2024
032,24,"PM10, ug/m3",2024
033,2,"PM10, ug/m3",2024
034,3,"PM10, ug/m3",2024
035,6,"PM10, ug/m3",2024
036,4,"PM10, ug/m3",2024
037,9,"PM10, ug/m3",2024
038,3,"PM10, ug/m3",2024
039,6,"PM10, ug/m3",2024
040,5,"PM10, ug/m3",2024
041,11,"PM10, ug/m3",2024
042,11,"PM10, ug/m3",2024
043,35,"PM10, ug/m3",2024
044,39,"PM10, ug/m3",2024
045,20,"PM10, ug/m3",2024
046,10,"PM10, ug/m3",2024
047,9,"PM10, ug/m3",2024
048,13,"PM10, ug/m3",2024
049,6,"PM10, ug/m3",2024
050,15,"PM10, ug/m3",2024
051,8,"PM10, ug/m3",2024
052,4,"PM10, ug/m3",2024
053,20,"PM10, ug/m3",2024
054,30,"PM10, ug/m3",2024
055,21,"PM10, ug/m3",2024
056,13,"PM10, ug/m3",2024
057,21,"PM10, ug/m3",2024
058,8,"PM10, ug/m3",2024
059,17,"PM10, ug/m3",2024
061,42,"PM10, ug/m3",2024
065,14,"PM10, ug/m3",2024
066,15,"PM10, ug/m3",2024
067,8,"PM10, ug/m3",2024
068,17,"PM10, ug/m3",2024
069,14,"PM10, ug/m3",2024
070,10,"PM10, ug/m3",2024
071,17,"PM10, ug/m3",2024
072,12,"PM10, ug/m3",2024
073,6,"PM10, ug/m3",2024
074,17,"PM10, ug/m3",2024
075,14,"PM10, ug/m3",2024
076,11,"PM10, ug/m3",2024
077,7,"PM10, ug/m3",2024
078,26,"PM10, ug/m3",2024
079,36,"PM10, ug/m3",2024
080,34,"PM10, ug/m3",2024
081,28,"PM10, ug/m3",2024
082,33,"PM10, ug/m3",2024
083,18,"PM10, ug/m3",2024
084,3,"PM10, ug/m3",2024
085,5,"PM10, ug/m3",2024
086,5,"PM10, ug/m3",2024
087,9,"PM10, ug/m3",2024
088,10,"PM10, ug/m3",2024
089,9,"PM10, ug/m3",2024
090,6,"PM10, ug/m3",2024
091,2,"PM10, ug/m3",2024
092,4,"PM10, ug/m3",2024
093,17,"PM10, ug/m3",2024
094,20,"PM10, ug/m3",2024
095,23,"PM10, ug/m3",2024
096,28,"PM10, ug/m3",2024
097,8,"PM10, ug/m3",2024
100,16,"PM10, ug/m3",2024
101,24,"PM10, ug/m3",2024
102,26,"PM10, ug/m3",2024
103,30,"PM10, ug/m3",2024
104,19,"PM10, ug/m3",2024
105,22,"PM10, ug/m3",2024
106,5,"PM10, ug/m3",2024
107,11,"PM10, ug/m3",2024
108,20,"PM10, ug/m3",2024
109,21,"PM10, ug/m3",2024
110,20,"PM10, ug/m3",2024
111,17,"PM10, ug/m3",2024
112,13,"PM10, ug/m3",2024
113,28,"PM10, ug/m3",2024
114,30,"PM10, ug/m3",2024
115,26,"PM10, ug/m3",2024
116,25,"PM10, ug/m3",2024
117,7,"PM10, ug/m3",2024
118,5,"PM10, ug/m3",2024
119,6,"PM10, ug/m3",2024
120,13,"PM10, ug/m3",2024
121,19,"PM10, ug/m3",2024
122,21,"PM10, ug/m3",2024
123,11,"PM10, ug/m3",2024
124,13,"PM10, ug/m3",2024
125,14,"PM10, ug/m3",2024
126,11,"PM10, ug/m3",2024
127,3,"PM10, ug/m3",2024
128,5,"PM10, ug/m3",2024
129,11,"PM10, ug/m3",2024
130,10,"PM10, ug/m3",2024
131,9,"PM10, ug/m3",2024
132,11,"PM10, ug/m3",2024
133,9,"PM10, ug/m3",2024
134,24,"PM10, ug/m3",2024
135,26,"PM10, ug/m3",2024
136,24,"PM10, ug/m3",2024
137,27,"PM10, ug/m3",2024
138,27,"PM10, ug/m3",2024
139,28,"PM10, ug/m3",2024
140,28,"PM10, ug/m3",2024
141,17,"PM10, ug/m3",2024
142,17,"PM10, ug/m3",2024
143,31,"PM10, ug/m3",2024
144,37,"PM10, ug/m3",2024
145,22,"PM10, ug/m3",2024
146,6,"PM10, ug/m3",2024
147,10,"PM10, ug/m3",2024
148,22,"PM10, ug/m3",2024
149,30,"PM10, ug/m3",2024
150,33,"PM10, ug/m3",2024
151,23,"PM10, ug/m3",2024
152,24,"PM10, ug/m3",2024
153,27,"PM10, ug/m3",2024
154,23,"PM10, ug/m3",2024
155,23,"PM10, ug/m3",2024
156,17,"PM10, ug/m3",2024
157,24,"PM10, ug/m3",2024
158,27,"PM10, ug/m3",2024
159,28,"PM10, ug/m3",2024
160,15,"PM10, ug/m3",2024
161,17,"PM10, ug/m3",2024
162,27,"PM10, ug/m3",2024
163,26,"PM10, ug/m3",2024
164,31,"PM10, ug/m3",2024
165,32,"PM10, ug/m3",2024
166,40,"PM10, ug/m3",2024
167,51,"PM10, ug/m3",2024
168,32,"PM10, ug/m3",2024
171,31,"PM10, ug/m3",2024
172,37,"PM10, ug/m3",2024
173,40,"PM10, ug/m3",2024
174,27,"PM10, ug/m3",2024
175,24,"PM10, ug/m3",2024
176,32,"PM10, ug/m3",2024
177,38,"PM10, ug/m3",2024
178,34,"PM10, ug/m3",2024
179,19,"PM10, ug/m3",2024
180,36,"PM10, ug/m3",2024
181,28,"PM10, ug/m3",2024
182,28,"PM10, ug/m3",2024
183,27,"PM10, ug/m3",2024
184,30,"PM10, ug/m3",2024
185,38,"PM10, ug/m3",2024
186,26,"PM10, ug/m3",2024
188,32,"PM10, ug/m3",2024
189,24,"PM10, ug/m3",2024
190,35,"PM10, ug/m3",2024
191,43,"PM10, ug/m3",2024
192,55,"PM10, ug/m3",2024
193,60,"PM10, ug/m3",2024
194,54,"PM10, ug/m3",2024
195,56,"PM10, ug/m3",2024
196,50,"PM10, ug/m3",2024
197,70,"PM10, ug/m3",2024
198,52,"PM10, ug/m3",2024
199,46,"PM10, ug/m3",2024
200,51,"PM10, ug/m3",2024
201,44,"PM10, ug/m3",2024
202,40,"PM10, ug/m3",2024
203,27,"PM10, ug/m3",2024
207,56,"PM10, ug/m3",2024
208,21,"PM10, ug/m3",2024
209,37,"PM10, ug/m3",2024
212,64,"PM10, ug/m3",2024
213,73,"PM10, ug/m3",2024
214,67,"PM10, ug/m3",2024
215,64,"PM10, ug/m3",2024
216,33,"PM10, ug/m3",2024
217,21,"PM10, ug/m3",2024
218,37,"PM10, ug/m3",2024
219,27,"PM10, ug/m3",2024
220,32,"PM10, ug/m3",2024
221,44,"PM10, ug/m3",2024
222,38,"PM10, ug/m3",2024
223,30,"PM10, ug/m3",2024
224,19,"PM10, ug/m3",2024
225,14,"PM10, ug/m3",2024
226,11,"PM10, ug/m3",2024
227,22,"PM10, ug/m3",2024
228,23,"PM10, ug/m3",2024
229,24,"PM10, ug/m3",2024
230,21,"PM10, ug/m3",2024
231,7,"PM10, ug/m3",2024
232,21,"PM10, ug/m3",2024
233,30,"PM10, ug/m3",2024
234,21,"PM10, ug/m3",2024
235,17,"PM10, ug/m3",2024
236,18,"PM10, ug/m3",2024
237,39,"PM10, ug/m3",2024
238,30,"PM10, ug/m3",2024
239,23,"PM10, ug/m3",2024
240,23,"PM10, ug/m3",2024
241,26,"PM10, ug/m3",2024
242,31,"PM10, ug/m3",2024
243,31,"PM10, ug/m3",2024
244,25,"PM10, ug/m3",2024
245,22,"PM10, ug/m3",2024
246,23,"PM10, ug/m3",2024
247,20,"PM10, ug/m3",2024
248,29,"PM10, ug/m3",2024
249,37,"PM10, ug/m3",2024
250,25,"PM10, ug/m3",2024
251,24,"PM10, ug/m3",2024
252,24,"PM10, ug/m3",2024
253,30,"PM10, ug/m3",2024
254,26,"PM10, ug/m3",2024
255,55,"PM10, ug/m3",2024
256,43,"PM10, ug/m3",2024
257,22,"PM10, ug/m3",2024
258,31,"PM10, ug/m3",2024
259,20,"PM10, ug/m3",2024
260,19,"PM10, ug/m3",2024
261,14,"PM10, ug/m3",2024
262,13,"PM10, ug/m3",2024
263,18,"PM10, ug/m3",2024
264,22,"PM10, ug/m3",2024
265,19,"PM10, ug/m3",2024
266,18,"PM10, ug/m3",2024
267,26,"PM10, ug/m3",2024
268,29,"PM10, ug/m3",2024
269,26,"PM10, ug/m3",2024
270,28,"PM10, ug/m3",2024
271,42,"PM10, ug/m3",2024
272,27,"PM10, ug/m3",2024
273,33,"PM10, ug/m3",2024
274,37,"PM10, ug/m3",2024
275,38,"PM10, ug/m3",2024
276,40,"PM10, ug/m3",2024
277,48,"PM10, ug/m3",2024
278,44,"PM10, ug/m3",2024
279,46,"PM10, ug/m3",2024
280,22,"PM10, ug/m3",2024
281,48,"PM10, ug/m3",2024
282,45,"PM10, ug/m3",2024
283,38,"PM10, ug/m3",2024
284,33,"PM10, ug/m3",2024
285,30,"PM10, ug/m3",2024
286,29,"PM10, ug/m3",2024
287,24,"PM10, ug/m3",2024
288,28,"PM10, ug/m3",2024
289,28,"PM10, ug/m3",2024
290,21,"PM10, ug/m3",2024
291,12,"PM10, ug/m3",2024
292,5,"PM10, ug/m3",2024
293,11,"PM10, ug/m3",2024
294,14,"PM10, ug/m3",2024
295,9,"PM10, ug/m3",2024
296,14,"PM10, ug/m3",2024
297,16,"PM10, ug/m3",2024
298,27,"PM10, ug/m3",2024
299,25,"PM10, ug/m3",2024
300,21,"PM10, ug/m3",2024
301,12,"PM10, ug/m3",2024
302,27,"PM10, ug/m3",2024
303,8,"PM10, ug/m3",2024
304,6,"PM10, ug/m3",2024
305,9,"PM10, ug/m3",2024
306,12,"PM10, ug/m3",2024
307,8,"PM10, ug/m3",2024
308,3,"PM10, ug/m3",2024
309,8,"PM10, ug/m3",2024
310,6,"PM10, ug/m3",2024
311,11,"PM10, ug/m3",2024
312,12,"PM10, ug/m3",2024
313,22,"PM10, ug/m3",2024
314,18,"PM10, ug/m3",2024
315,11,"PM10, ug/m3",2024
316,12,"PM10, ug/m3",2024
317,8,"PM10, ug/m3",2024
318,14,"PM10, ug/m3",2024
319,21,"PM10, ug/m3",2024
320,17,"PM10, ug/m3",2024
321,5,"PM10, ug/m3",2024
322,6,"PM10, ug/m3",2024
323,5,"PM10, ug/m3",2024
324,6,"PM10, ug/m3",2024
325,14,"PM10, ug/m3",2024
326,20,"PM10, ug/m3",2024
327,29,"PM10, ug/m3",2024
328,17,"PM10, ug/m3",2024
329,4,"PM10, ug/m3",2024
330,8,"PM10, ug/m3",2024
331,2,"PM10, ug/m3",2024
332,8,"PM10, ug/m3",2024
333,12,"PM10, ug/m3",2024
334,12,"PM10, ug/m3",2024
335,10,"PM10, ug/m3",2024
336,13,"PM10, ug/m3",2024
337,33,"PM10, ug/m3",2024
338,44,"PM10, ug/m3",2024
339,46,"PM10, ug/m3",2024
340,52,"PM10, ug/m3",2024
341,46,"PM10, ug/m3",2024
342,41,"PM10, ug/m3",2024
343,16,"PM10, ug/m3",2024
344,9,"PM10, ug/m3",2024
345,12,"PM10, ug/m3",2024
346,24,"PM10, ug/m3",2024
347,26,"PM10, ug/m3",2024
348,7,"PM10, ug/m3",2024
349,8,"PM10, ug/m3",2024
350,6,"PM10, ug/m3",2024
351,19,"PM10, ug/m3",2024
352,12,"PM10, ug/m3",2024
353,24,"PM10, ug/m3",2024
354,37,"PM10, ug/m3",2024
355,34,"PM10, ug/m3",2024
356,29,"PM10, ug/m3",2024
357,24,"PM10, ug/m3",2024
358,41,"PM10, ug/m3",2024
359,21,"PM10, ug/m3",2024
360,4,"PM10, ug/m3",2024
361,3,"PM10, ug/m3",2024
362,3,"PM10, ug/m3",2024
363,3,"PM10, ug/m3",2024
364,6,"PM10, ug/m3",2024
365,2,"PM10, ug/m3",2024
366,8,"PM10, ug/m3",2024
001,0.473913,"CO, ppm",2024
002,0.5125,"CO, ppm",2024
003,0.533333,"CO, ppm",2024
004,0.45,"CO, ppm",2024
005,0.391667,"CO, ppm",2024
006,0.395833,"CO, ppm",2024
007,0.408333,"CO, ppm",2024
008,0.491304,"CO, ppm",2024
009,0.508333,"CO, ppm",2024
010,0.408333,"CO, ppm",2024
011,0.479167,"CO, ppm",2024
012,0.408333,"CO, ppm",2024
013,0.4,"CO, ppm",2024
014,0.533333,"CO, ppm",2024
015,0.504545,"CO, ppm",2024
016,0.666667,"CO, ppm",2024
017,0.566667,"CO, ppm",2024
018,0.568421,"CO, ppm",2024
019,0.356522,"CO, ppm",2024
020,0.216667,"CO, ppm",2024
021,0.220833,"CO, ppm",2024
022,0.391304,"CO, ppm",2024
023,0.3375,"CO, ppm",2024
024,0.295833,"CO, ppm",2024
025,0.2375,"CO, ppm",2024
026,0.2375,"CO, ppm",2024
027,0.2875,"CO, ppm",2024
028,0.2625,"CO, ppm",2024
029,0.3,"CO, ppm",2024
030,0.358333,"CO, ppm",2024
031,0.279167,"CO, ppm",2024
032,0.25,"CO, ppm",2024
033,0.195833,"CO, ppm",2024
034,0.204167,"CO, ppm",2024
035,0.216667,"CO, ppm",2024
036,0.252174,"CO, ppm",2024
037,0.2875,"CO, ppm",2024
038,0.279167,"CO, ppm",2024
039,0.275,"CO, ppm",2024
040,0.254167,"CO, ppm",2024
041,0.291667,"CO, ppm",2024
042,0.308333,"CO, ppm",2024
043,0.391304,"CO, ppm",2024
044,0.345833,"CO, ppm",2024
045,0.329167,"CO, ppm",2024
046,0.3,"CO, ppm",2024
047,0.3875,"CO, ppm",2024
048,0.404167,"CO, ppm",2024
049,0.366667,"CO, ppm",2024
050,0.452174,"CO, ppm",2024
051,0.379167,"CO, ppm",2024
052,0.325,"CO, ppm",2024
053,0.35,"CO, ppm",2024
054,0.383333,"CO, ppm",2024
055,0.370833,"CO, ppm",2024
056,0.3625,"CO, ppm",2024
057,0.3,"CO, ppm",2024
058,0.316667,"CO, ppm",2024
059,0.420833,"CO, ppm",2024
060,0.379167,"CO, ppm",2024
061,0.308333,"CO, ppm",2024
062,0.316667,"CO, ppm",2024
063,0.3375,"CO, ppm",2024
064,0.365217,"CO, ppm",2024
065,0.395833,"CO, ppm",2024
066,0.366667,"CO, ppm",2024
067,0.383333,"CO, ppm",2024
068,0.4,"CO, ppm",2024
069,0.429167,"CO, ppm",2024
070,0.391667,"CO, ppm",2024
071,0.395652,"CO, ppm",2024
072,0.416667,"CO, ppm",2024
073,0.408333,"CO, ppm",2024
074,0.466667,"CO, ppm",2024
075,0.420833,"CO, ppm",2024
076,0.420833,"CO, ppm",2024
077,0.4125,"CO, ppm",2024
078,0.214286,"CO, ppm",2024
079,0.154167,"CO, ppm",2024
080,0.15,"CO, ppm",2024
081,0.158333,"CO, ppm",2024
082,0.133333,"CO, ppm",2024
083,0.108333,"CO, ppm",2024
084,0.1,"CO, ppm",2024
085,0.147826,"CO, ppm",2024
086,0.179167,"CO, ppm",2024
087,0.154167,"CO, ppm",2024
088,0.179167,"CO, ppm",2024
089,0.204167,"CO, ppm",2024
090,0.2125,"CO, ppm",2024
091,0.2,"CO, ppm",2024
092,0.2,"CO, ppm",2024
093,0.225,"CO, ppm",2024
094,0.245833,"CO, ppm",2024
095,0.204167,"CO, ppm",2024
096,0.204167,"CO, ppm",2024
097,0.204167,"CO, ppm",2024
098,0.229167,"CO, ppm",2024
099,0.286957,"CO, ppm",2024
100,0.295833,"CO, ppm",2024
101,0.291667,"CO, ppm",2024
102,0.295833,"CO, ppm",2024
103,0.2875,"CO, ppm",2024
104,0.270833,"CO, ppm",2024
105,0.25,"CO, ppm",2024
106,0.282609,"CO, ppm",2024
107,0.270833,"CO, ppm",2024
108,0.304167,"CO, ppm",2024
109,0.308333,"CO, ppm",2024
110,0.341667,"CO, ppm",2024
111,0.333333,"CO, ppm",2024
112,0.3,"CO, ppm",2024
113,0.326087,"CO, ppm",2024
114,0.354167,"CO, ppm",2024
115,0.325,"CO, ppm",2024
116,0.304167,"CO, ppm",2024
117,0.304167,"CO, ppm",2024
118,0.325,"CO, ppm",2024
119,0.3125,"CO, ppm",2024
120,0.317391,"CO, ppm",2024
121,0.205263,"CO, ppm",2024
122,0.1,"CO, ppm",2024
123,0.1,"CO, ppm",2024
124,0.075,"CO, ppm",2024
125,0.104167,"CO, ppm",2024
126,0.091667,"CO, ppm",2024
127,0.086957,"CO, ppm",2024
128,0.1,"CO, ppm",2024
129,0.1,"CO, ppm",2024
130,0.116667,"CO, ppm",2024
131,0.129167,"CO, ppm",2024
132,0.1375,"CO, ppm",2024
133,0.116667,"CO, ppm",2024
134,0.130435,"CO, ppm",2024
135,0.141667,"CO, ppm",2024
136,0.145833,"CO, ppm",2024
137,0.154167,"CO, ppm",2024
138,0.170833,"CO, ppm",2024
139,0.2,"CO, ppm",2024
140,0.191667,"CO, ppm",2024
141,0.191304,"CO, ppm",2024
142,0.2,"CO, ppm",2024
143,0.204167,"CO, ppm",2024
144,0.2,"CO, ppm",2024
145,0.204167,"CO, ppm",2024
146,0.2,"CO, ppm",2024
147,0.216667,"CO, ppm",2024
148,0.234783,"CO, ppm",2024
149,0.217391,"CO, ppm",2024
150,0.2125,"CO, ppm",2024
151,0.2125,"CO, ppm",2024
152,0.258333,"CO, ppm",2024
153,0.275,"CO, ppm",2024
154,0.258333,"CO, ppm",2024
155,0.282609,"CO, ppm",2024
156,0.220833,"CO, ppm",2024
157,0.270833,"CO, ppm",2024
158,0.270833,"CO, ppm",2024
159,0.266667,"CO, ppm",2024
160,0.291667,"CO, ppm",2024
161,0.233333,"CO, ppm",2024
162,0.256522,"CO, ppm",2024
163,0.2625,"CO, ppm",2024
164,0.279167,"CO, ppm",2024
165,0.266667,"CO, ppm",2024
166,0.333333,"CO, ppm",2024
167,0.270833,"CO, ppm",2024
168,0.295833,"CO, ppm",2024
169,0.256522,"CO, ppm",2024
170,0.279167,"CO, ppm",2024
171,0.304167,"CO, ppm",2024
172,0.295833,"CO, ppm",2024
173,0.295833,"CO, ppm",2024
174,0.275,"CO, ppm",2024
175,0.2625,"CO, ppm",2024
176,0.308696,"CO, ppm",2024
177,0.3375,"CO, ppm",2024
178,0.283333,"CO, ppm",2024
179,0.270833,"CO, ppm",2024
180,0.3125,"CO, ppm",2024
181,0.2625,"CO, ppm",2024
182,0.2625,"CO, ppm",2024
183,0.3,"CO, ppm",2024
184,0.316667,"CO, ppm",2024
185,0.329167,"CO, ppm",2024
186,0.308333,"CO, ppm",2024
187,0.3125,"CO, ppm",2024
188,0.316667,"CO, ppm",2024
189,0.3,"CO, ppm",2024
190,0.326087,"CO, ppm",2024
191,0.35,"CO, ppm",2024
192,0.370833,"CO, ppm",2024
193,0.375,"CO, ppm",2024
194,0.3875,"CO, ppm",2024
195,0.408333,"CO, ppm",2024
196,0.345833,"CO, ppm",2024
197,0.4,"CO, ppm",2024
198,0.404167,"CO, ppm",2024
199,0.383333,"CO, ppm",2024
200,0.383333,"CO, ppm",2024
201,0.383333,"CO, ppm",2024
202,0.379167,"CO, ppm",2024
203,0.391667,"CO, ppm",2024
204,0.43913,"CO, ppm",2024
205,0.45,"CO, ppm",2024
206,0.443478,"CO, ppm",2024
207,0.5,"CO, ppm",2024
208,0.236364,"CO, ppm",2024
209,0.15,"CO, ppm",2024
210,0.1625,"CO, ppm",2024
211,0.13913,"CO, ppm",2024
212,0.204167,"CO, ppm",2024
213,0.333333,"CO, ppm",2024
214,0.279167,"CO, ppm",2024
215,0.266667,"CO, ppm",2024
216,0.170833,"CO, ppm",2024
217,0.141667,"CO, ppm",2024
218,0.130435,"CO, ppm",2024
219,0.108333,"CO, ppm",2024
220,0.116667,"CO, ppm",2024
221,0.175,"CO, ppm",2024
222,0.154167,"CO, ppm",2024
223,0.183333,"CO, ppm",2024
224,0.133333,"CO, ppm",2024
225,0.130435,"CO, ppm",2024
226,0.133333,"CO, ppm",2024
227,0.129167,"CO, ppm",2024
228,0.1375,"CO, ppm",2024
229,0.1625,"CO, ppm",2024
230,0.195833,"CO, ppm",2024
231,0.175,"CO, ppm",2024
232,0.195652,"CO, ppm",2024
233,0.183333,"CO, ppm",2024
234,0.129167,"CO, ppm",2024
235,0.125,"CO, ppm",2024
236,0.129167,"CO, ppm",2024
237,0.154167,"CO, ppm",2024
238,0.175,"CO, ppm",2024
239,0.243478,"CO, ppm",2024
240,0.254167,"CO, ppm",2024
241,0.254167,"CO, ppm",2024
242,0.245833,"CO, ppm",2024
243,0.308333,"CO, ppm",2024
244,0.2875,"CO, ppm",2024
245,0.345833,"CO, ppm",2024
246,0.234783,"CO, ppm",2024
247,0.2375,"CO, ppm",2024
248,0.320833,"CO, ppm",2024
249,0.366667,"CO, ppm",2024
250,0.3125,"CO, ppm",2024
251,0.304167,"CO, ppm",2024
252,0.3,"CO, ppm",2024
253,0.295652,"CO, ppm",2024
254,0.275,"CO, ppm",2024
255,0.441667,"CO, ppm",2024
256,0.308333,"CO, ppm",2024
257,0.333333,"CO, ppm",2024
258,0.341667,"CO, ppm",2024
259,0.279167,"CO, ppm",2024
260,0.273913,"CO, ppm",2024
261,0.295833,"CO, ppm",2024
262,0.3375,"CO, ppm",2024
263,0.35,"CO, ppm",2024
264,0.35,"CO, ppm",2024
265,0.354167,"CO, ppm",2024
266,0.325,"CO, ppm",2024
267,0.366667,"CO, ppm",2024
268,0.242105,"CO, ppm",2024
269,0.13913,"CO, ppm",2024
270,0.15,"CO, ppm",2024
271,0.183333,"CO, ppm",2024
272,0.183333,"CO, ppm",2024
273,0.145833,"CO, ppm",2024
274,0.186957,"CO, ppm",2024
275,0.216667,"CO, ppm",2024
276,0.216667,"CO, ppm",2024
277,0.291667,"CO, ppm",2024
278,0.221739,"CO, ppm",2024
279,0.225,"CO, ppm",2024
280,0.220833,"CO, ppm",2024
281,0.278261,"CO, ppm",2024
282,0.316667,"CO, ppm",2024
283,0.2875,"CO, ppm",2024
284,0.295833,"CO, ppm",2024
285,0.266667,"CO, ppm",2024
286,0.291667,"CO, ppm",2024
287,0.270833,"CO, ppm",2024
288,0.252174,"CO, ppm",2024
289,0.2875,"CO, ppm",2024
290,0.266667,"CO, ppm",2024
291,0.233333,"CO, ppm",2024
292,0.275,"CO, ppm",2024
293,0.3125,"CO, ppm",2024
294,0.270833,"CO, ppm",2024
295,0.265217,"CO, ppm",2024
296,0.325,"CO, ppm",2024
297,0.308333,"CO, ppm",2024
298,0.2875,"CO, ppm",2024
299,0.386957,"CO, ppm",2024
300,0.391667,"CO, ppm",2024
301,0.308333,"CO, ppm",2024
302,0.235,"CO, ppm",2024
303,0.2,"CO, ppm",2024
304,0.216667,"CO, ppm",2024
305,0.280952,"CO, ppm",2024
306,0.3,"CO, ppm",2024
307,0.2625,"CO, ppm",2024
308,0.225,"CO, ppm",2024
309,0.317391,"CO, ppm",2024
310,0.241667,"CO, ppm",2024
311,0.320833,"CO, ppm",2024
312,0.345833,"CO, ppm",2024
313,0.408333,"CO, ppm",2024
314,0.391667,"CO, ppm",2024
315,0.354167,"CO, ppm",2024
316,0.382609,"CO, ppm",2024
317,0.3375,"CO, ppm",2024
318,0.395833,"CO, ppm",2024
319,0.32,"CO, ppm",2024
320,0.15,"CO, ppm",2024
321,0.141667,"CO, ppm",2024
322,0.195833,"CO, ppm",2024
323,0.177273,"CO, ppm",2024
324,0.220833,"CO, ppm",2024
325,0.295833,"CO, ppm",2024
326,0.354167,"CO, ppm",2024
327,0.383333,"CO, ppm",2024
328,0.225,"CO, ppm",2024
329,0.170833,"CO, ppm",2024
330,0.247826,"CO, ppm",2024
331,0.170833,"CO, ppm",2024
332,0.266667,"CO, ppm",2024
333,0.316667,"CO, ppm",2024
334,0.3625,"CO, ppm",2024
335,0.341667,"CO, ppm",2024
336,0.366667,"CO, ppm",2024
337,0.452174,"CO, ppm",2024
338,0.517391,"CO, ppm",2024
339,0.495833,"CO, ppm",2024
340,0.5125,"CO, ppm",2024
341,0.533333,"CO, ppm",2024
342,0.475,"CO, ppm",2024
343,0.35,"CO, ppm",2024
344,0.3,"CO, ppm",2024
345,0.370833,"CO, ppm",2024
346,0.4625,"CO, ppm",2024
347,0.458333,"CO, ppm",2024
348,0.341667,"CO, ppm",2024
349,0.366667,"CO, ppm",2024
350,0.316667,"CO, ppm",2024
351,0.431818,"CO, ppm",2024
352,0.395833,"CO, ppm",2024
353,0.504167,"CO, ppm",2024
354,0.566667,"CO, ppm",2024
355,0.558333,"CO, ppm",2024
356,0.641667,"CO, ppm",2024
357,0.554167,"CO, ppm",2024
358,0.647826,"CO, ppm",2024
359,0.495833,"CO, ppm",2024
360,0.370833,"CO, ppm",2024
361,0.3875,"CO, ppm",2024
362,0.4125,"CO, ppm",2024
363,0.370833,"CO, ppm",2024
364,0.4875,"CO, ppm",2024
365,0.417391,"CO, ppm",2024
366,0.475,"CO, ppm",2024
001,22.333333,"NOx, ppb",2024
002,30.333333,"NOx, ppb",2024
003,33.254167,"NOx, ppb",2024
004,21.833333,"NOx, ppb",2024
005,10.46087,"NOx, ppb",2024
006,9.921739,"NOx, ppb",2024
007,6.670833,"NOx, ppb",2024
008,18.929167,"NOx, ppb",2024
009,21.4625,"NOx, ppb",2024
010,6.441667,"NOx, ppb",2024
011,11.891667,"NOx, ppb",2024
012,4.930435,"NOx, ppb",2024
013,3.191304,"NOx, ppb",2024
014,12.241667,"NOx, ppb",2024
015,16.245833,"NOx, ppb",2024
016,34.4125,"NOx, ppb",2024
017,19.4625,"NOx, ppb",2024
018,37.029167,"NOx, ppb",2024
019,39.23913,"NOx, ppb",2024
020,20.004348,"NOx, ppb",2024
021,18.075,"NOx, ppb",2024
022,40.2375,"NOx, ppb",2024
023,29.558333,"NOx, ppb",2024
024,22.520833,"NOx, ppb",2024
025,15.8125,"NOx, ppb",2024
026,14.265217,"NOx, ppb",2024
027,19.721739,"NOx, ppb",2024
028,18.95,"NOx, ppb",2024
029,25.645833,"NOx, ppb",2024
030,28.85,"NOx, ppb",2024
031,19.858333,"NOx, ppb",2024
032,16.541667,"NOx, ppb",2024
033,5.234783,"NOx, ppb",2024
034,6.213043,"NOx, ppb",2024
035,6.133333,"NOx, ppb",2024
036,8.745833,"NOx, ppb",2024
037,13.779167,"NOx, ppb",2024
038,8.858333,"NOx, ppb",2024
039,10.333333,"NOx, ppb",2024
040,8.247826,"NOx, ppb",2024
041,9.878261,"NOx, ppb",2024
042,11.4625,"NOx, ppb",2024
043,23.654167,"NOx, ppb",2024
044,17.7125,"NOx, ppb",2024
045,11.7375,"NOx, ppb",2024
046,8.140909,"NOx, ppb",2024
047,13.93913,"NOx, ppb",2024
048,8.695652,"NOx, ppb",2024
049,6.233333,"NOx, ppb",2024
050,15.3375,"NOx, ppb",2024
051,10.341667,"NOx, ppb",2024
052,6.145833,"NOx, ppb",2024
053,10.4375,"NOx, ppb",2024
054,15.871429,"NOx, ppb",2024
055,15.417391,"NOx, ppb",2024
056,11.604167,"NOx, ppb",2024
057,4.441667,"NOx, ppb",2024
058,3.804167,"NOx, ppb",2024
059,16.858333,"NOx, ppb",2024
060,12.016667,"NOx, ppb",2024
061,2.534783,"NOx, ppb",2024
062,2.530435,"NOx, ppb",2024
063,3.775,"NOx, ppb",2024
064,7.595833,"NOx, ppb",2024
065,11.508333,"NOx, ppb",2024
066,9.520833,"NOx, ppb",2024
067,8.5,"NOx, ppb",2024
068,10.895652,"NOx, ppb",2024
069,10.995652,"NOx, ppb",2024
070,9.35,"NOx, ppb",2024
071,7.233333,"NOx, ppb",2024
072,9.995833,"NOx, ppb",2024
073,7.679167,"NOx, ppb",2024
074,14.558333,"NOx, ppb",2024
075,9.352174,"NOx, ppb",2024
076,8.143478,"NOx, ppb",2024
077,7.425,"NOx, ppb",2024
078,11.341667,"NOx, ppb",2024
079,14.145833,"NOx, ppb",2024
080,11.891667,"NOx, ppb",2024
081,10.541667,"NOx, ppb",2024
082,11.626087,"NOx, ppb",2024
083,2.591304,"NOx, ppb",2024
084,2.920833,"NOx, ppb",2024
085,6.029167,"NOx, ppb",2024
086,6.6125,"NOx, ppb",2024
087,5.279167,"NOx, ppb",2024
088,4.147368,"NOx, ppb",2024
089,5.495652,"NOx, ppb",2024
090,3.53913,"NOx, ppb",2024
091,2.304167,"NOx, ppb",2024
092,5.45,"NOx, ppb",2024
093,10.716667,"NOx, ppb",2024
094,11.291667,"NOx, ppb",2024
095,3.825,"NOx, ppb",2024
096,2.93913,"NOx, ppb",2024
097,3.530435,"NOx, ppb",2024
098,5.279167,"NOx, ppb",2024
099,8.808333,"NOx, ppb",2024
100,9.129167,"NOx, ppb",2024
101,7.866667,"NOx, ppb",2024
102,10.041667,"NOx, ppb",2024
103,7.3,"NOx, ppb",2024
104,2.213043,"NOx, ppb",2024
105,2.1375,"NOx, ppb",2024
106,2.995833,"NOx, ppb",2024
107,5.383333,"NOx, ppb",2024
108,6.470833,"NOx, ppb",2024
109,6.6125,"NOx, ppb",2024
110,9.743478,"NOx, ppb",2024
111,8.108696,"NOx, ppb",2024
112,6.341667,"NOx, ppb",2024
113,6.720833,"NOx, ppb",2024
114,9.395833,"NOx, ppb",2024
115,5.933333,"NOx, ppb",2024
116,4.791667,"NOx, ppb",2024
117,4.347826,"NOx, ppb",2024
118,4.308696,"NOx, ppb",2024
119,4.083333,"NOx, ppb",2024
120,5.508333,"NOx, ppb",2024
121,5.3375,"NOx, ppb",2024
122,3.545833,"NOx, ppb",2024
123,4.333333,"NOx, ppb",2024
124,2.531579,"NOx, ppb",2024
125,4.87619,"NOx, ppb",2024
126,2.054167,"NOx, ppb",2024
127,2.804167,"NOx, ppb",2024
128,3.5625,"NOx, ppb",2024
129,5.229167,"NOx, ppb",2024
130,7.691667,"NOx, ppb",2024
131,6.165217,"NOx, ppb",2024
132,5.021739,"NOx, ppb",2024
133,3.5625,"NOx, ppb",2024
134,4.9375,"NOx, ppb",2024
135,4.504167,"NOx, ppb",2024
136,4.920833,"NOx, ppb",2024
137,5.270833,"NOx, ppb",2024
138,5.182609,"NOx, ppb",2024
139,4.147826,"NOx, ppb",2024
140,2.295833,"NOx, ppb",2024
141,4.154167,"NOx, ppb",2024
142,4.25,"NOx, ppb",2024
143,4.904167,"NOx, ppb",2024
144,2.1375,"NOx, ppb",2024
145,4.504348,"NOx, ppb",2024
146,3.169565,"NOx, ppb",2024
147,4.245833,"NOx, ppb",2024
148,4.341667,"NOx, ppb",2024
149,6.447826,"NOx, ppb",2024
150,7.2375,"NOx, ppb",2024
151,7.370833,"NOx, ppb",2024
152,8.26087,"NOx, ppb",2024
153,6.734783,"NOx, ppb",2024
154,6.816667,"NOx, ppb",2024
155,8.970833,"NOx, ppb",2024
156,7.383333,"NOx, ppb",2024
157,9.445833,"NOx, ppb",2024
158,10.416667,"NOx, ppb",2024
159,9.043478,"NOx, ppb",2024
160,8.517391,"NOx, ppb",2024
161,7.454167,"NOx, ppb",2024
162,9.041667,"NOx, ppb",2024
163,9.266667,"NOx, ppb",2024
164,9.041667,"NOx, ppb",2024
165,9.5625,"NOx, ppb",2024
166,8.621739,"NOx, ppb",2024
167,7.930435,"NOx, ppb",2024
168,7.666667,"NOx, ppb",2024
169,7.770833,"NOx, ppb",2024
170,5.429167,"NOx, ppb",2024
171,5.9875,"NOx, ppb",2024
172,5.083333,"NOx, ppb",2024
173,4.795455,"NOx, ppb",2024
174,3.917391,"NOx, ppb",2024
175,3.3875,"NOx, ppb",2024
176,6.6625,"NOx, ppb",2024
177,8.723529,"NOx, ppb",2024
178,3.365217,"NOx, ppb",2024
179,3.1,"NOx, ppb",2024
180,5.613043,"NOx, ppb",2024
181,2.96087,"NOx, ppb",2024
182,2.558333,"NOx, ppb",2024
183,2.354167,"NOx, ppb",2024
184,3.804167,"NOx, ppb",2024
185,5.179167,"NOx, ppb",2024
186,4.5625,"NOx, ppb",2024
187,4.03913,"NOx, ppb",2024
188,3.630435,"NOx, ppb",2024
189,2.704167,"NOx, ppb",2024
190,4.3375,"NOx, ppb",2024
191,4.908333,"NOx, ppb",2024
192,5.979167,"NOx, ppb",2024
193,6.0875,"NOx, ppb",2024
194,6.108696,"NOx, ppb",2024
195,4.269565,"NOx, ppb",2024
196,2.2375,"NOx, ppb",2024
197,3.795833,"NOx, ppb",2024
198,5,"NOx, ppb",2024
199,3.8125,"NOx, ppb",2024
200,5.166667,"NOx, ppb",2024
201,4.086957,"NOx, ppb",2024
202,2.7,"NOx, ppb",2024
203,2.175,"NOx, ppb",2024
204,4.9625,"NOx, ppb",2024
205,6.008333,"NOx, ppb",2024
206,5.256522,"NOx, ppb",2024
207,4.281818,"NOx, ppb",2024
208,4.431818,"NOx, ppb",2024
209,4.352174,"NOx, ppb",2024
210,2.908333,"NOx, ppb",2024
211,4.009091,"NOx, ppb",2024
225,3.666667,"NOx, ppb",2024
226,3.958333,"NOx, ppb",2024
227,4.3375,"NOx, ppb",2024
228,4.354167,"NOx, ppb",2024
229,5.63913,"NOx, ppb",2024
230,4.23913,"NOx, ppb",2024
231,2.545833,"NOx, ppb",2024
232,4.525,"NOx, ppb",2024
233,6.229167,"NOx, ppb",2024
234,3.870833,"NOx, ppb",2024
235,4.116667,"NOx, ppb",2024
236,3.182609,"NOx, ppb",2024
237,2.543478,"NOx, ppb",2024
238,2.241667,"NOx, ppb",2024
239,4.733333,"NOx, ppb",2024
240,5.983333,"NOx, ppb",2024
241,8.4625,"NOx, ppb",2024
242,6.295833,"NOx, ppb",2024
243,6.886957,"NOx, ppb",2024
244,7.169565,"NOx, ppb",2024
245,4.1875,"NOx, ppb",2024
246,3.254167,"NOx, ppb",2024
247,4.904167,"NOx, ppb",2024
248,4.741667,"NOx, ppb",2024
249,6.2,"NOx, ppb",2024
250,5.652174,"NOx, ppb",2024
251,4.73913,"NOx, ppb",2024
252,3.408333,"NOx, ppb",2024
253,5.833333,"NOx, ppb",2024
254,4.879167,"NOx, ppb",2024
255,4.454167,"NOx, ppb",2024
256,2.479167,"NOx, ppb",2024
257,6.117391,"NOx, ppb",2024
258,4.656522,"NOx, ppb",2024
259,2.583333,"NOx, ppb",2024
260,2.195833,"NOx, ppb",2024
261,2.966667,"NOx, ppb",2024
262,9.270833,"NOx, ppb",2024
263,11.391667,"NOx, ppb",2024
264,11.626087,"NOx, ppb",2024
265,9.321739,"NOx, ppb",2024
266,8.241667,"NOx, ppb",2024
267,8.429167,"NOx, ppb",2024
268,9.441667,"NOx, ppb",2024
269,7.370833,"NOx, ppb",2024
270,8.195833,"NOx, ppb",2024
271,9.578261,"NOx, ppb",2024
272,6.191304,"NOx, ppb",2024
273,4.129167,"NOx, ppb",2024
274,9.0875,"NOx, ppb",2024
275,10.095833,"NOx, ppb",2024
276,10.25,"NOx, ppb",2024
277,12.354167,"NOx, ppb",2024
278,7.195652,"NOx, ppb",2024
279,4.321739,"NOx, ppb",2024
280,4.433333,"NOx, ppb",2024
281,9.970833,"NOx, ppb",2024
282,10.170833,"NOx, ppb",2024
283,7.8,"NOx, ppb",2024
284,6.8625,"NOx, ppb",2024
285,7.731818,"NOx, ppb",2024
286,6.004348,"NOx, ppb",2024
287,4.833333,"NOx, ppb",2024
288,5.625,"NOx, ppb",2024
289,8.475,"NOx, ppb",2024
290,8.166667,"NOx, ppb",2024
291,4.42,"NOx, ppb",2024
292,6.986957,"NOx, ppb",2024
293,7.652174,"NOx, ppb",2024
294,6.795833,"NOx, ppb",2024
295,7.833333,"NOx, ppb",2024
296,10.120833,"NOx, ppb",2024
297,9.504167,"NOx, ppb",2024
298,5.6875,"NOx, ppb",2024
299,17.109524,"NOx, ppb",2024
300,11.378261,"NOx, ppb",2024
301,6.320833,"NOx, ppb",2024
302,2.6625,"NOx, ppb",2024
303,4.695833,"NOx, ppb",2024
304,6.2125,"NOx, ppb",2024
305,10.633333,"NOx, ppb",2024
306,11.369565,"NOx, ppb",2024
307,6.478261,"NOx, ppb",2024
308,3.816667,"NOx, ppb",2024
309,13.495833,"NOx, ppb",2024
310,5.679167,"NOx, ppb",2024
311,11.5125,"NOx, ppb",2024
312,14.625,"NOx, ppb",2024
313,21.582609,"NOx, ppb",2024
314,18.113043,"NOx, ppb",2024
315,14.725,"NOx, ppb",2024
316,13.779167,"NOx, ppb",2024
317,5.891667,"NOx, ppb",2024
318,16.2,"NOx, ppb",2024
319,18.35,"NOx, ppb",2024
320,10.452174,"NOx, ppb",2024
321,6.652174,"NOx, ppb",2024
322,11.429167,"NOx, ppb",2024
323,7.76087,"NOx, ppb",2024
324,11.4,"NOx, ppb",2024
325,20.733333,"NOx, ppb",2024
326,22.15,"NOx, ppb",2024
327,26.83913,"NOx, ppb",2024
328,9.373913,"NOx, ppb",2024
329,6.8875,"NOx, ppb",2024
330,15.308333,"NOx, ppb",2024
331,5.529167,"NOx, ppb",2024
332,12.220833,"NOx, ppb",2024
333,15.4875,"NOx, ppb",2024
334,19.121739,"NOx, ppb",2024
335,18.869565,"NOx, ppb",2024
336,21.5875,"NOx, ppb",2024
337,33.4875,"NOx, ppb",2024
338,43.121739,"NOx, ppb",2024
339,38.8375,"NOx, ppb",2024
340,37.679167,"NOx, ppb",2024
341,37.859091,"NOx, ppb",2024
342,30.030435,"NOx, ppb",2024
343,19.9375,"NOx, ppb",2024
344,7.633333,"NOx, ppb",2024
345,18.1125,"NOx, ppb",2024
346,36.058824,"NOx, ppb",2024
347,30.7625,"NOx, ppb",2024
348,10.513043,"NOx, ppb",2024
349,12.830435,"NOx, ppb",2024
350,4.929167,"NOx, ppb",2024
351,23.930435,"NOx, ppb",2024
352,16.491667,"NOx, ppb",2024
353,28.104167,"NOx, ppb",2024
354,39.208333,"NOx, ppb",2024
355,35.791304,"NOx, ppb",2024
356,37.273913,"NOx, ppb",2024
357,28.6125,"NOx, ppb",2024
358,38.679167,"NOx, ppb",2024
359,22.766667,"NOx, ppb",2024
360,5.8625,"NOx, ppb",2024
361,6.5125,"NOx, ppb",2024
362,10.178261,"NOx, ppb",2024
363,5.330435,"NOx, ppb",2024
364,16.529167,"NOx, ppb",2024
365,5.254167,"NOx, ppb",2024
366,16.445833,"NOx, ppb",2024
001,51,"PM10, ug/m3",2014
002,40,"PM10, ug/m3",2014
003,46,"PM10, ug/m3",2014
004,25,"PM10, ug/m3",2014
005,20,"PM10, ug/m3",2014
006,28,"PM10, ug/m3",2014
007,42,"PM10, ug/m3",2014
008,42,"PM10, ug/m3",2014
009,27,"PM10, ug/m3",2014
010,18,"PM10, ug/m3",2014
011,28,"PM10, ug/m3",2014
012,12,"PM10, ug/m3",2014
013,21,"PM10, ug/m3",2014
014,31,"PM10, ug/m3",2014
015,38,"PM10, ug/m3",2014
016,39,"PM10, ug/m3",2014
017,47,"PM10, ug/m3",2014
018,41,"PM10, ug/m3",2014
019,36,"PM10, ug/m3",2014
020,43,"PM10, ug/m3",2014
021,54,"PM10, ug/m3",2014
022,54,"PM10, ug/m3",2014
023,69,"PM10, ug/m3",2014
024,37,"PM10, ug/m3",2014
025,37,"PM10, ug/m3",2014
026,30,"PM10, ug/m3",2014
027,41,"PM10, ug/m3",2014
028,44,"PM10, ug/m3",2014
029,30,"PM10, ug/m3",2014
030,14,"PM10, ug/m3",2014
031,20,"PM10, ug/m3",2014
032,17,"PM10, ug/m3",2014
033,13,"PM10, ug/m3",2014
034,18,"PM10, ug/m3",2014
035,13,"PM10, ug/m3",2014
036,25,"PM10, ug/m3",2014
037,24,"PM10, ug/m3",2014
038,15,"PM10, ug/m3",2014
039,12,"PM10, ug/m3",2014
040,11,"PM10, ug/m3",2014
041,17,"PM10, ug/m3",2014
042,24,"PM10, ug/m3",2014
043,25,"PM10, ug/m3",2014
044,19,"PM10, ug/m3",2014
045,26,"PM10, ug/m3",2014
046,33,"PM10, ug/m3",2014
047,19,"PM10, ug/m3",2014
048,27,"PM10, ug/m3",2014
049,25,"PM10, ug/m3",2014
050,21,"PM10, ug/m3",2014
051,15,"PM10, ug/m3",2014
052,20,"PM10, ug/m3",2014
053,17,"PM10, ug/m3",2014
054,21,"PM10, ug/m3",2014
055,24,"PM10, ug/m3",2014
056,24,"PM10, ug/m3",2014
057,20,"PM10, ug/m3",2014
058,14,"PM10, ug/m3",2014
059,16,"PM10, ug/m3",2014
060,11,"PM10, ug/m3",2014
061,12,"PM10, ug/m3",2014
062,13,"PM10, ug/m3",2014
063,18,"PM10, ug/m3",2014
064,20,"PM10, ug/m3",2014
065,18,"PM10, ug/m3",2014
066,13,"PM10, ug/m3",2014
067,16,"PM10, ug/m3",2014
068,13,"PM10, ug/m3",2014
069,24,"PM10, ug/m3",2014
070,11,"PM10, ug/m3",2014
071,17,"PM10, ug/m3",2014
072,17,"PM10, ug/m3",2014
073,21,"PM10, ug/m3",2014
074,13,"PM10, ug/m3",2014
075,13,"PM10, ug/m3",2014
076,31,"PM10, ug/m3",2014
077,15,"PM10, ug/m3",2014
078,14,"PM10, ug/m3",2014
079,16,"PM10, ug/m3",2014
080,23,"PM10, ug/m3",2014
081,17,"PM10, ug/m3",2014
082,16,"PM10, ug/m3",2014
083,21,"PM10, ug/m3",2014
084,21,"PM10, ug/m3",2014
085,22,"PM10, ug/m3",2014
086,12,"PM10, ug/m3",2014
087,14,"PM10, ug/m3",2014
088,17,"PM10, ug/m3",2014
089,16,"PM10, ug/m3",2014
090,13,"PM10, ug/m3",2014
091,15,"PM10, ug/m3",2014
092,14,"PM10, ug/m3",2014
093,16,"PM10, ug/m3",2014
094,14,"PM10, ug/m3",2014
095,12,"PM10, ug/m3",2014
096,15,"PM10, ug/m3",2014
097,17,"PM10, ug/m3",2014
098,18,"PM10, ug/m3",2014
099,18,"PM10, ug/m3",2014
100,20,"PM10, ug/m3",2014
101,23,"PM10, ug/m3",2014
102,19,"PM10, ug/m3",2014
103,18,"PM10, ug/m3",2014
104,17,"PM10, ug/m3",2014
105,19,"PM10, ug/m3",2014
106,15,"PM10, ug/m3",2014
107,17,"PM10, ug/m3",2014
108,26,"PM10, ug/m3",2014
109,21,"PM10, ug/m3",2014
110,22,"PM10, ug/m3",2014
111,24,"PM10, ug/m3",2014
112,89,"PM10, ug/m3",2014
113,9,"PM10, ug/m3",2014
114,15,"PM10, ug/m3",2014
115,53,"PM10, ug/m3",2014
116,19,"PM10, ug/m3",2014
117,11,"PM10, ug/m3",2014
118,10,"PM10, ug/m3",2014
119,13,"PM10, ug/m3",2014
120,16,"PM10, ug/m3",2014
121,13,"PM10, ug/m3",2014
122,19,"PM10, ug/m3",2014
123,21,"PM10, ug/m3",2014
124,20,"PM10, ug/m3",2014
125,19,"PM10, ug/m3",2014
126,28,"PM10, ug/m3",2014
127,16,"PM10, ug/m3",2014
128,13,"PM10, ug/m3",2014
129,14,"PM10, ug/m3",2014
130,16,"PM10, ug/m3",2014
131,9,"PM10, ug/m3",2014
132,13,"PM10, ug/m3",2014
133,11,"PM10, ug/m3",2014
134,31,"PM10, ug/m3",2014
135,18,"PM10, ug/m3",2014
136,26,"PM10, ug/m3",2014
137,27,"PM10, ug/m3",2014
138,28,"PM10, ug/m3",2014
139,23,"PM10, ug/m3",2014
140,29,"PM10, ug/m3",2014
141,19,"PM10, ug/m3",2014
142,23,"PM10, ug/m3",2014
143,25,"PM10, ug/m3",2014
144,16,"PM10, ug/m3",2014
145,16,"PM10, ug/m3",2014
146,16,"PM10, ug/m3",2014
147,22,"PM10, ug/m3",2014
148,29,"PM10, ug/m3",2014
149,42,"PM10, ug/m3",2014
150,27,"PM10, ug/m3",2014
151,24,"PM10, ug/m3",2014
152,24,"PM10, ug/m3",2014
153,26,"PM10, ug/m3",2014
154,15,"PM10, ug/m3",2014
155,26,"PM10, ug/m3",2014
156,20,"PM10, ug/m3",2014
157,21,"PM10, ug/m3",2014
158,22,"PM10, ug/m3",2014
159,19,"PM10, ug/m3",2014
160,11,"PM10, ug/m3",2014
161,31,"PM10, ug/m3",2014
162,27,"PM10, ug/m3",2014
163,34,"PM10, ug/m3",2014
164,48,"PM10, ug/m3",2014
165,16,"PM10, ug/m3",2014
166,9,"PM10, ug/m3",2014
167,24,"PM10, ug/m3",2014
168,11,"PM10, ug/m3",2014
169,14,"PM10, ug/m3",2014
170,12,"PM10, ug/m3",2014
171,20,"PM10, ug/m3",2014
172,19,"PM10, ug/m3",2014
173,17,"PM10, ug/m3",2014
174,18,"PM10, ug/m3",2014
175,20,"PM10, ug/m3",2014
176,22,"PM10, ug/m3",2014
177,32,"PM10, ug/m3",2014
178,10,"PM10, ug/m3",2014
179,17,"PM10, ug/m3",2014
180,16,"PM10, ug/m3",2014
181,18,"PM10, ug/m3",2014
182,21,"PM10, ug/m3",2014
183,21,"PM10, ug/m3",2014
184,27,"PM10, ug/m3",2014
185,41,"PM10, ug/m3",2014
186,30,"PM10, ug/m3",2014
187,23,"PM10, ug/m3",2014
188,28,"PM10, ug/m3",2014
189,28,"PM10, ug/m3",2014
190,22,"PM10, ug/m3",2014
191,16,"PM10, ug/m3",2014
192,16,"PM10, ug/m3",2014
193,19,"PM10, ug/m3",2014
194,16,"PM10, ug/m3",2014
195,35,"PM10, ug/m3",2014
196,33,"PM10, ug/m3",2014
197,21,"PM10, ug/m3",2014
198,23,"PM10, ug/m3",2014
199,30,"PM10, ug/m3",2014
200,29,"PM10, ug/m3",2014
201,25,"PM10, ug/m3",2014
202,18,"PM10, ug/m3",2014
215,15,"PM10, ug/m3",2014
216,18,"PM10, ug/m3",2014
217,15,"PM10, ug/m3",2014
218,19,"PM10, ug/m3",2014
219,16,"PM10, ug/m3",2014
220,23,"PM10, ug/m3",2014
221,28,"PM10, ug/m3",2014
222,21,"PM10, ug/m3",2014
223,23,"PM10, ug/m3",2014
224,22,"PM10, ug/m3",2014
225,20,"PM10, ug/m3",2014
226,17,"PM10, ug/m3",2014
227,16,"PM10, ug/m3",2014
228,18,"PM10, ug/m3",2014
229,18,"PM10, ug/m3",2014
230,21,"PM10, ug/m3",2014
231,16,"PM10, ug/m3",2014
232,13,"PM10, ug/m3",2014
255,28,"PM10, ug/m3",2014
256,19,"PM10, ug/m3",2014
257,19,"PM10, ug/m3",2014
258,24,"PM10, ug/m3",2014
259,28,"PM10, ug/m3",2014
260,27,"PM10, ug/m3",2014
261,27,"PM10, ug/m3",2014
262,39,"PM10, ug/m3",2014
263,32,"PM10, ug/m3",2014
264,22,"PM10, ug/m3",2014
265,15,"PM10, ug/m3",2014
266,19,"PM10, ug/m3",2014
267,20,"PM10, ug/m3",2014
268,20,"PM10, ug/m3",2014
269,20,"PM10, ug/m3",2014
270,12,"PM10, ug/m3",2014
271,9,"PM10, ug/m3",2014
272,14,"PM10, ug/m3",2014
273,12,"PM10, ug/m3",2014
274,14,"PM10, ug/m3",2014
275,13,"PM10, ug/m3",2014
276,17,"PM10, ug/m3",2014
277,18,"PM10, ug/m3",2014
278,13,"PM10, ug/m3",2014
279,18,"PM10, ug/m3",2014
280,19,"PM10, ug/m3",2014
281,24,"PM10, ug/m3",2014
282,34,"PM10, ug/m3",2014
283,39,"PM10, ug/m3",2014
284,28,"PM10, ug/m3",2014
285,42,"PM10, ug/m3",2014
286,45,"PM10, ug/m3",2014
290,35,"PM10, ug/m3",2014
291,22,"PM10, ug/m3",2014
292,17,"PM10, ug/m3",2014
293,16,"PM10, ug/m3",2014
294,21,"PM10, ug/m3",2014
295,16,"PM10, ug/m3",2014
296,18,"PM10, ug/m3",2014
297,19,"PM10, ug/m3",2014
298,17,"PM10, ug/m3",2014
299,35,"PM10, ug/m3",2014
300,12,"PM10, ug/m3",2014
301,18,"PM10, ug/m3",2014
302,26,"PM10, ug/m3",2014
303,24,"PM10, ug/m3",2014
304,22,"PM10, ug/m3",2014
305,36,"PM10, ug/m3",2014
306,9,"PM10, ug/m3",2014
307,11,"PM10, ug/m3",2014
308,16,"PM10, ug/m3",2014
309,17,"PM10, ug/m3",2014
310,22,"PM10, ug/m3",2014
311,20,"PM10, ug/m3",2014
312,17,"PM10, ug/m3",2014
313,11,"PM10, ug/m3",2014
314,20,"PM10, ug/m3",2014
315,15,"PM10, ug/m3",2014
316,17,"PM10, ug/m3",2014
317,18,"PM10, ug/m3",2014
318,34,"PM10, ug/m3",2014
319,11,"PM10, ug/m3",2014
320,13,"PM10, ug/m3",2014
321,15,"PM10, ug/m3",2014
322,21,"PM10, ug/m3",2014
323,32,"PM10, ug/m3",2014
324,33,"PM10, ug/m3",2014
325,26,"PM10, ug/m3",2014
326,11,"PM10, ug/m3",2014
327,8,"PM10, ug/m3",2014
328,10,"PM10, ug/m3",2014
329,20,"PM10, ug/m3",2014
330,19,"PM10, ug/m3",2014
331,17,"PM10, ug/m3",2014
332,15,"PM10, ug/m3",2014
333,14,"PM10, ug/m3",2014
334,12,"PM10, ug/m3",2014
335,18,"PM10, ug/m3",2014
336,26,"PM10, ug/m3",2014
337,15,"PM10, ug/m3",2014
338,15,"PM10, ug/m3",2014
339,15,"PM10, ug/m3",2014
340,14,"PM10, ug/m3",2014
341,14,"PM10, ug/m3",2014
342,22,"PM10, ug/m3",2014
343,21,"PM10, ug/m3",2014
344,27,"PM10, ug/m3",2014
345,22,"PM10, ug/m3",2014
346,16,"PM10, ug/m3",2014
347,7,"PM10, ug/m3",2014
348,8,"PM10, ug/m3",2014
349,15,"PM10, ug/m3",2014
350,19,"PM10, ug/m3",2014
351,25,"PM10, ug/m3",2014
352,13,"PM10, ug/m3",2014
353,17,"PM10, ug/m3",2014
354,11,"PM10, ug/m3",2014
355,9,"PM10, ug/m3",2014
356,6,"PM10, ug/m3",2014
357,12,"PM10, ug/m3",2014
358,14,"PM10, ug/m3",2014
359,7,"PM10, ug/m3",2014
360,11,"PM10, ug/m3",2014
361,16,"PM10, ug/m3",2014
362,12,"PM10, ug/m3",2014
363,10,"PM10, ug/m3",2014
364,13,"PM10, ug/m3",2014
365,24,"PM10, ug/m3",2014
001,1.4125,"CO, ppm",2014
002,1.616667,"CO, ppm",2014
003,1.704167,"CO, ppm",2014
004,1.129167,"CO, ppm",2014
005,1.229167,"CO, ppm",2014
006,1.575,"CO, ppm",2014
007,1.226087,"CO, ppm",2014
008,0.643478,"CO, ppm",2014
009,0.466667,"CO, ppm",2014
010,0.604167,"CO, ppm",2014
011,0.595833,"CO, ppm",2014
012,0.15,"CO, ppm",2014
013,0.479167,"CO, ppm",2014
014,0.816667,"CO, ppm",2014
015,0.838095,"CO, ppm",2014
016,0.616667,"CO, ppm",2014
017,0.641667,"CO, ppm",2014
018,0.595833,"CO, ppm",2014
019,0.458333,"CO, ppm",2014
020,0.575,"CO, ppm",2014
021,0.675,"CO, ppm",2014
022,0.65,"CO, ppm",2014
023,0.691667,"CO, ppm",2014
024,0.566667,"CO, ppm",2014
025,0.583333,"CO, ppm",2014
026,0.491667,"CO, ppm",2014
027,0.666667,"CO, ppm",2014
028,0.5875,"CO, ppm",2014
029,0.65,"CO, ppm",2014
030,0.325,"CO, ppm",2014
031,0.3125,"CO, ppm",2014
032,0.304167,"CO, ppm",2014
033,0.270833,"CO, ppm",2014
034,0.4625,"CO, ppm",2014
035,0.275,"CO, ppm",2014
036,0.454167,"CO, ppm",2014
037,0.4625,"CO, ppm",2014
038,0.341667,"CO, ppm",2014
039,0.375,"CO, ppm",2014
040,0.441667,"CO, ppm",2014
041,0.554167,"CO, ppm",2014
042,0.720833,"CO, ppm",2014
043,0.75,"CO, ppm",2014
044,0.583333,"CO, ppm",2014
045,0.875,"CO, ppm",2014
046,0.920833,"CO, ppm",2014
047,0.429167,"CO, ppm",2014
048,0.704167,"CO, ppm",2014
049,0.620833,"CO, ppm",2014
050,0.495833,"CO, ppm",2014
051,0.420833,"CO, ppm",2014
052,0.6625,"CO, ppm",2014
053,0.633333,"CO, ppm",2014
054,0.583333,"CO, ppm",2014
055,0.604348,"CO, ppm",2014
056,0.6625,"CO, ppm",2014
057,0.608333,"CO, ppm",2014
058,0.575,"CO, ppm",2014
059,0.729167,"CO, ppm",2014
060,0.470833,"CO, ppm",2014
061,0.575,"CO, ppm",2014
062,0.575,"CO, ppm",2014
063,0.766667,"CO, ppm",2014
064,0.791667,"CO, ppm",2014
065,0.666667,"CO, ppm",2014
066,0.5625,"CO, ppm",2014
067,0.629167,"CO, ppm",2014
068,0.6,"CO, ppm",2014
069,0.629167,"CO, ppm",2014
070,0.3625,"CO, ppm",2014
071,0.233333,"CO, ppm",2014
072,0.3,"CO, ppm",2014
073,0.283333,"CO, ppm",2014
074,0.195833,"CO, ppm",2014
075,0.25,"CO, ppm",2014
076,0.208333,"CO, ppm",2014
077,0.220833,"CO, ppm",2014
078,0.291667,"CO, ppm",2014
079,0.333333,"CO, ppm",2014
080,0.245833,"CO, ppm",2014
081,0.25,"CO, ppm",2014
082,0.245833,"CO, ppm",2014
083,0.3375,"CO, ppm",2014
084,0.354167,"CO, ppm",2014
085,0.279167,"CO, ppm",2014
086,0.2875,"CO, ppm",2014
087,0.358333,"CO, ppm",2014
088,0.3125,"CO, ppm",2014
089,0.25,"CO, ppm",2014
090,0.3625,"CO, ppm",2014
091,0.354167,"CO, ppm",2014
092,0.383333,"CO, ppm",2014
093,0.358333,"CO, ppm",2014
094,0.395833,"CO, ppm",2014
095,0.3375,"CO, ppm",2014
096,0.404167,"CO, ppm",2014
097,0.420833,"CO, ppm",2014
098,0.45,"CO, ppm",2014
099,0.391667,"CO, ppm",2014
100,0.358333,"CO, ppm",2014
101,0.420833,"CO, ppm",2014
102,0.391667,"CO, ppm",2014
103,0.316667,"CO, ppm",2014
104,0.379167,"CO, ppm",2014
105,0.383333,"CO, ppm",2014
106,0.35,"CO, ppm",2014
107,0.441667,"CO, ppm",2014
108,0.4875,"CO, ppm",2014
109,0.4625,"CO, ppm",2014
110,0.4375,"CO, ppm",2014
111,0.45,"CO, ppm",2014
112,0.408333,"CO, ppm",2014
113,0.370833,"CO, ppm",2014
114,0.4125,"CO, ppm",2014
115,0.4375,"CO, ppm",2014
116,0.4125,"CO, ppm",2014
117,0.375,"CO, ppm",2014
118,0.429167,"CO, ppm",2014
119,0.429167,"CO, ppm",2014
120,0.466667,"CO, ppm",2014
121,0.5125,"CO, ppm",2014
122,0.4875,"CO, ppm",2014
123,0.454167,"CO, ppm",2014
124,0.441667,"CO, ppm",2014
125,0.454167,"CO, ppm",2014
126,0.4875,"CO, ppm",2014
127,0.516667,"CO, ppm",2014
128,0.466667,"CO, ppm",2014
129,0.541667,"CO, ppm",2014
130,0.516667,"CO, ppm",2014
131,0.441667,"CO, ppm",2014
132,0.495833,"CO, ppm",2014
133,0.313043,"CO, ppm",2014
134,0.175,"CO, ppm",2014
135,0.195833,"CO, ppm",2014
136,0.258333,"CO, ppm",2014
137,0.241667,"CO, ppm",2014
138,0.154167,"CO, ppm",2014
139,0.204167,"CO, ppm",2014
140,0.179167,"CO, ppm",2014
141,0.175,"CO, ppm",2014
142,0.183333,"CO, ppm",2014
143,0.254167,"CO, ppm",2014
144,0.25,"CO, ppm",2014
145,0.241667,"CO, ppm",2014
146,0.233333,"CO, ppm",2014
147,0.245833,"CO, ppm",2014
148,0.25,"CO, ppm",2014
149,0.279167,"CO, ppm",2014
150,0.275,"CO, ppm",2014
151,0.245833,"CO, ppm",2014
152,0.220833,"CO, ppm",2014
153,0.2375,"CO, ppm",2014
154,0.204167,"CO, ppm",2014
155,0.279167,"CO, ppm",2014
156,0.275,"CO, ppm",2014
157,0.25,"CO, ppm",2014
158,0.270833,"CO, ppm",2014
159,0.220833,"CO, ppm",2014
160,0.25,"CO, ppm",2014
161,0.3,"CO, ppm",2014
162,0.2625,"CO, ppm",2014
163,0.304167,"CO, ppm",2014
164,0.233333,"CO, ppm",2014
165,0.2,"CO, ppm",2014
166,0.216667,"CO, ppm",2014
167,0.316667,"CO, ppm",2014
168,0.304167,"CO, ppm",2014
169,0.279167,"CO, ppm",2014
170,0.3,"CO, ppm",2014
171,0.3125,"CO, ppm",2014
172,0.291667,"CO, ppm",2014
173,0.279167,"CO, ppm",2014
174,0.354167,"CO, ppm",2014
175,0.35,"CO, ppm",2014
176,0.341667,"CO, ppm",2014
177,0.3,"CO, ppm",2014
178,0.320833,"CO, ppm",2014
179,0.341667,"CO, ppm",2014
180,0.35,"CO, ppm",2014
181,0.333333,"CO, ppm",2014
182,0.366667,"CO, ppm",2014
183,0.370833,"CO, ppm",2014
184,0.3875,"CO, ppm",2014
185,0.4375,"CO, ppm",2014
186,0.395833,"CO, ppm",2014
187,0.404167,"CO, ppm",2014
188,0.45,"CO, ppm",2014
189,0.416667,"CO, ppm",2014
190,0.433333,"CO, ppm",2014
191,0.429167,"CO, ppm",2014
192,0.475,"CO, ppm",2014
193,0.5,"CO, ppm",2014
194,0.45,"CO, ppm",2014
195,0.441667,"CO, ppm",2014
196,0.408333,"CO, ppm",2014
197,0.433333,"CO, ppm",2014
198,0.4375,"CO, ppm",2014
199,0.466667,"CO, ppm",2014
200,0.466667,"CO, ppm",2014
201,0.4125,"CO, ppm",2014
202,0.379167,"CO, ppm",2014
203,0.361538,"CO, ppm",2014
214,0.3625,"CO, ppm",2014
215,0.304167,"CO, ppm",2014
216,0.341667,"CO, ppm",2014
217,0.341667,"CO, ppm",2014
218,0.329167,"CO, ppm",2014
219,0.370833,"CO, ppm",2014
220,0.4375,"CO, ppm",2014
221,0.45,"CO, ppm",2014
222,0.429167,"CO, ppm",2014
223,0.4125,"CO, ppm",2014
224,0.4,"CO, ppm",2014
225,0.454167,"CO, ppm",2014
226,0.4,"CO, ppm",2014
227,0.391667,"CO, ppm",2014
228,0.395833,"CO, ppm",2014
229,0.316667,"CO, ppm",2014
230,0.3625,"CO, ppm",2014
231,0.404167,"CO, ppm",2014
232,0.35,"CO, ppm",2014
233,0.420833,"CO, ppm",2014
234,0.358333,"CO, ppm",2014
235,0.408333,"CO, ppm",2014
236,0.375,"CO, ppm",2014
237,0.416667,"CO, ppm",2014
238,0.425,"CO, ppm",2014
239,0.366667,"CO, ppm",2014
240,0.416667,"CO, ppm",2014
241,0.441667,"CO, ppm",2014
242,0.4125,"CO, ppm",2014
243,0.329167,"CO, ppm",2014
244,0.366667,"CO, ppm",2014
245,0.441667,"CO, ppm",2014
246,0.370833,"CO, ppm",2014
247,0.366667,"CO, ppm",2014
248,0.379167,"CO, ppm",2014
249,0.370833,"CO, ppm",2014
250,0.308333,"CO, ppm",2014
251,0.391667,"CO, ppm",2014
252,0.445833,"CO, ppm",2014
253,0.4125,"CO, ppm",2014
254,0.429167,"CO, ppm",2014
255,0.433333,"CO, ppm",2014
256,0.458333,"CO, ppm",2014
257,0.383333,"CO, ppm",2014
258,0.441667,"CO, ppm",2014
259,0.458333,"CO, ppm",2014
260,0.433333,"CO, ppm",2014
261,0.45,"CO, ppm",2014
266,0.375,"CO, ppm",2014
267,0.479167,"CO, ppm",2014
268,0.454167,"CO, ppm",2014
269,0.4125,"CO, ppm",2014
270,0.4,"CO, ppm",2014
271,0.329167,"CO, ppm",2014
272,0.379167,"CO, ppm",2014
273,0.3875,"CO, ppm",2014
274,0.333333,"CO, ppm",2014
275,0.4125,"CO, ppm",2014
276,0.495833,"CO, ppm",2014
277,0.433333,"CO, ppm",2014
278,0.354167,"CO, ppm",2014
279,0.5,"CO, ppm",2014
280,0.529167,"CO, ppm",2014
281,0.554167,"CO, ppm",2014
282,0.554167,"CO, ppm",2014
283,0.554167,"CO, ppm",2014
284,0.55,"CO, ppm",2014
285,0.245833,"CO, ppm",2014
286,0.320833,"CO, ppm",2014
287,0.391667,"CO, ppm",2014
290,0.529167,"CO, ppm",2014
291,0.533333,"CO, ppm",2014
292,0.504167,"CO, ppm",2014
293,0.470833,"CO, ppm",2014
294,0.483333,"CO, ppm",2014
295,0.520833,"CO, ppm",2014
296,0.683333,"CO, ppm",2014
297,0.6,"CO, ppm",2014
298,0.479167,"CO, ppm",2014
299,0.4,"CO, ppm",2014
300,0.466667,"CO, ppm",2014
301,0.6,"CO, ppm",2014
302,0.741667,"CO, ppm",2014
303,0.7625,"CO, ppm",2014
304,0.683333,"CO, ppm",2014
305,0.433333,"CO, ppm",2014
306,0.4875,"CO, ppm",2014
307,0.566667,"CO, ppm",2014
308,0.7,"CO, ppm",2014
309,0.716667,"CO, ppm",2014
310,0.8,"CO, ppm",2014
311,0.729167,"CO, ppm",2014
312,0.7625,"CO, ppm",2014
313,0.666667,"CO, ppm",2014
314,0.6,"CO, ppm",2014
315,0.6625,"CO, ppm",2014
316,0.566667,"CO, ppm",2014
317,0.741667,"CO, ppm",2014
318,1.304167,"CO, ppm",2014
319,0.5875,"CO, ppm",2014
320,0.6,"CO, ppm",2014
321,0.825,"CO, ppm",2014
322,1.045833,"CO, ppm",2014
323,1.216667,"CO, ppm",2014
324,1.270833,"CO, ppm",2014
325,1.058333,"CO, ppm",2014
326,0.8,"CO, ppm",2014
327,0.654167,"CO, ppm",2014
328,0.745833,"CO, ppm",2014
329,1.095833,"CO, ppm",2014
330,1.104167,"CO, ppm",2014
331,1.025,"CO, ppm",2014
332,0.920833,"CO, ppm",2014
333,0.641667,"CO, ppm",2014
334,0.733333,"CO, ppm",2014
335,0.991667,"CO, ppm",2014
336,1.254167,"CO, ppm",2014
337,1.079167,"CO, ppm",2014
338,1.091667,"CO, ppm",2014
339,1.075,"CO, ppm",2014
340,1.0625,"CO, ppm",2014
341,1.025,"CO, ppm",2014
342,1.2,"CO, ppm",2014
343,1.208333,"CO, ppm",2014
344,1.341667,"CO, ppm",2014
345,1.279167,"CO, ppm",2014
346,0.970833,"CO, ppm",2014
347,0.8875,"CO, ppm",2014
348,0.891667,"CO, ppm",2014
349,1.116667,"CO, ppm",2014
350,1.204167,"CO, ppm",2014
351,1.329167,"CO, ppm",2014
352,1.058333,"CO, ppm",2014
353,1.245833,"CO, ppm",2014
354,1.070833,"CO, ppm",2014
355,1.016667,"CO, ppm",2014
356,0.945833,"CO, ppm",2014
357,1.054167,"CO, ppm",2014
358,1.154167,"CO, ppm",2014
359,0.916667,"CO, ppm",2014
360,0.991667,"CO, ppm",2014
361,1.066667,"CO, ppm",2014
362,1.058333,"CO, ppm",2014
363,1.054167,"CO, ppm",2014
364,1.033333,"CO, ppm",2014
365,1.220833,"CO, ppm",2014
001,72.916667,"NOx, ppb",2014
002,98.458333,"NOx, ppb",2014
003,108.541667,"NOx, ppb",2014
004,24,"NOx, ppb",2014
005,42.833333,"NOx, ppb",2014
006,83.875,"NOx, ppb",2014
007,109.173913,"NOx, ppb",2014
008,95,"NOx, ppb",2014
009,55.083333,"NOx, ppb",2014
010,73.583333,"NOx, ppb",2014
011,71.541667,"NOx, ppb",2014
012,11.083333,"NOx, ppb",2014
013,50.25,"NOx, ppb",2014
014,94.625,"NOx, ppb",2014
015,97.5,"NOx, ppb",2014
016,99.875,"NOx, ppb",2014
017,111.041667,"NOx, ppb",2014
018,95.291667,"NOx, ppb",2014
019,77.583333,"NOx, ppb",2014
020,98.916667,"NOx, ppb",2014
021,120,"NOx, ppb",2014
022,106.583333,"NOx, ppb",2014
023,109.833333,"NOx, ppb",2014
024,90,"NOx, ppb",2014
025,82.416667,"NOx, ppb",2014
026,67.458333,"NOx, ppb",2014
027,93.916667,"NOx, ppb",2014
028,76.25,"NOx, ppb",2014
029,68.583333,"NOx, ppb",2014
030,27.666667,"NOx, ppb",2014
031,26.166667,"NOx, ppb",2014
032,22.291667,"NOx, ppb",2014
033,18.125,"NOx, ppb",2014
034,45.782609,"NOx, ppb",2014
035,20.666667,"NOx, ppb",2014
036,50.708333,"NOx, ppb",2014
037,40.916667,"NOx, ppb",2014
038,15.166667,"NOx, ppb",2014
039,13.916667,"NOx, ppb",2014
040,23.25,"NOx, ppb",2014
041,40.583333,"NOx, ppb",2014
042,65.083333,"NOx, ppb",2014
043,69.291667,"NOx, ppb",2014
044,45.875,"NOx, ppb",2014
045,76.791667,"NOx, ppb",2014
046,75.333333,"NOx, ppb",2014
047,24.875,"NOx, ppb",2014
048,58.75,"NOx, ppb",2014
049,49.583333,"NOx, ppb",2014
050,29.125,"NOx, ppb",2014
051,19.541667,"NOx, ppb",2014
052,52.916667,"NOx, ppb",2014
053,42.041667,"NOx, ppb",2014
054,33.25,"NOx, ppb",2014
055,43,"NOx, ppb",2014
056,54.333333,"NOx, ppb",2014
057,39.375,"NOx, ppb",2014
058,26.166667,"NOx, ppb",2014
059,46.958333,"NOx, ppb",2014
060,10.291667,"NOx, ppb",2014
061,21.791667,"NOx, ppb",2014
062,21.565217,"NOx, ppb",2014
063,43.875,"NOx, ppb",2014
064,46.458333,"NOx, ppb",2014
065,30.416667,"NOx, ppb",2014
066,16.125,"NOx, ppb",2014
067,26,"NOx, ppb",2014
068,20.416667,"NOx, ppb",2014
069,33.916667,"NOx, ppb",2014
070,17.875,"NOx, ppb",2014
071,33.041667,"NOx, ppb",2014
072,43.958333,"NOx, ppb",2014
073,37.708333,"NOx, ppb",2014
074,16,"NOx, ppb",2014
075,25.083333,"NOx, ppb",2014
076,30.25,"NOx, ppb",2014
077,19.125,"NOx, ppb",2014
078,35.25,"NOx, ppb",2014
079,39.458333,"NOx, ppb",2014
080,24.958333,"NOx, ppb",2014
081,15.625,"NOx, ppb",2014
082,19.041667,"NOx, ppb",2014
083,36.583333,"NOx, ppb",2014
084,32.583333,"NOx, ppb",2014
085,15.5,"NOx, ppb",2014
086,11.125,"NOx, ppb",2014
087,25.708333,"NOx, ppb",2014
088,18.916667,"NOx, ppb",2014
089,6.75,"NOx, ppb",2014
090,20.958333,"NOx, ppb",2014
091,15.666667,"NOx, ppb",2014
092,20.25,"NOx, ppb",2014
093,18.25,"NOx, ppb",2014
094,25.958333,"NOx, ppb",2014
095,12.458333,"NOx, ppb",2014
096,18.208333,"NOx, ppb",2014
097,20,"NOx, ppb",2014
098,29.347826,"NOx, ppb",2014
099,25.791667,"NOx, ppb",2014
100,17.5,"NOx, ppb",2014
101,22.625,"NOx, ppb",2014
102,14.083333,"NOx, ppb",2014
103,6.375,"NOx, ppb",2014
104,22,"NOx, ppb",2014
105,22.333333,"NOx, ppb",2014
106,13.875,"NOx, ppb",2014
107,41.5,"NOx, ppb",2014
108,26.826087,"NOx, ppb",2014
109,19.458333,"NOx, ppb",2014
110,19.291667,"NOx, ppb",2014
111,21.25,"NOx, ppb",2014
112,22.166667,"NOx, ppb",2014
113,16.458333,"NOx, ppb",2014
114,28.875,"NOx, ppb",2014
115,21.958333,"NOx, ppb",2014
116,15.791667,"NOx, ppb",2014
117,13.958333,"NOx, ppb",2014
118,18.208333,"NOx, ppb",2014
119,23.666667,"NOx, ppb",2014
120,27.041667,"NOx, ppb",2014
121,47,"NOx, ppb",2014
122,20,"NOx, ppb",2014
123,15.416667,"NOx, ppb",2014
124,8.958333,"NOx, ppb",2014
125,19.166667,"NOx, ppb",2014
126,15.416667,"NOx, ppb",2014
127,8.958333,"NOx, ppb",2014
128,10.25,"NOx, ppb",2014
129,15.458333,"NOx, ppb",2014
130,11,"NOx, ppb",2014
131,5.625,"NOx, ppb",2014
132,16.583333,"NOx, ppb",2014
133,18.666667,"NOx, ppb",2014
134,24.083333,"NOx, ppb",2014
135,18.208333,"NOx, ppb",2014
136,22.791667,"NOx, ppb",2014
137,13.625,"NOx, ppb",2014
138,8.708333,"NOx, ppb",2014
139,15.625,"NOx, ppb",2014
140,13.291667,"NOx, ppb",2014
141,15.541667,"NOx, ppb",2014
142,15.333333,"NOx, ppb",2014
143,17.958333,"NOx, ppb",2014
144,9.666667,"NOx, ppb",2014
145,9.916667,"NOx, ppb",2014
146,8.166667,"NOx, ppb",2014
147,18.958333,"NOx, ppb",2014
148,16.666667,"NOx, ppb",2014
149,13.541667,"NOx, ppb",2014
150,14.208333,"NOx, ppb",2014
151,9.625,"NOx, ppb",2014
152,7.708333,"NOx, ppb",2014
153,13.217391,"NOx, ppb",2014
154,7.791667,"NOx, ppb",2014
155,14.25,"NOx, ppb",2014
156,13.625,"NOx, ppb",2014
157,12.791667,"NOx, ppb",2014
158,13,"NOx, ppb",2014
159,7.083333,"NOx, ppb",2014
160,11.208333,"NOx, ppb",2014
161,18.208333,"NOx, ppb",2014
162,12.458333,"NOx, ppb",2014
163,14.416667,"NOx, ppb",2014
164,8.666667,"NOx, ppb",2014
165,5.583333,"NOx, ppb",2014
166,6.625,"NOx, ppb",2014
167,13.833333,"NOx, ppb",2014
168,9.625,"NOx, ppb",2014
169,12,"NOx, ppb",2014
170,13.5,"NOx, ppb",2014
171,14.541667,"NOx, ppb",2014
172,9.666667,"NOx, ppb",2014
173,11.166667,"NOx, ppb",2014
174,14.416667,"NOx, ppb",2014
175,17.5,"NOx, ppb",2014
176,12.958333,"NOx, ppb",2014
177,8.833333,"NOx, ppb",2014
178,10.541667,"NOx, ppb",2014
179,10.375,"NOx, ppb",2014
180,11.875,"NOx, ppb",2014
181,12.5,"NOx, ppb",2014
182,13.041667,"NOx, ppb",2014
183,11.375,"NOx, ppb",2014
184,13.916667,"NOx, ppb",2014
185,13.75,"NOx, ppb",2014
186,10.333333,"NOx, ppb",2014
187,9,"NOx, ppb",2014
188,16.666667,"NOx, ppb",2014
189,13.833333,"NOx, ppb",2014
190,12.625,"NOx, ppb",2014
191,8.75,"NOx, ppb",2014
192,11.791667,"NOx, ppb",2014
193,10.708333,"NOx, ppb",2014
194,8.875,"NOx, ppb",2014
195,12.625,"NOx, ppb",2014
196,9.458333,"NOx, ppb",2014
197,10.5,"NOx, ppb",2014
198,12.291667,"NOx, ppb",2014
199,15.625,"NOx, ppb",2014
200,10.5,"NOx, ppb",2014
201,8.416667,"NOx, ppb",2014
202,12.333333,"NOx, ppb",2014
203,15.769231,"NOx, ppb",2014
214,13.375,"NOx, ppb",2014
215,9,"NOx, ppb",2014
216,8.958333,"NOx, ppb",2014
217,11,"NOx, ppb",2014
218,11.416667,"NOx, ppb",2014
219,10.666667,"NOx, ppb",2014
220,10.708333,"NOx, ppb",2014
221,10.708333,"NOx, ppb",2014
222,8.75,"NOx, ppb",2014
223,13.083333,"NOx, ppb",2014
224,11.875,"NOx, ppb",2014
225,16.291667,"NOx, ppb",2014
226,14.333333,"NOx, ppb",2014
227,11.416667,"NOx, ppb",2014
228,14.541667,"NOx, ppb",2014
229,10.375,"NOx, ppb",2014
230,14.791667,"NOx, ppb",2014
231,14.5,"NOx, ppb",2014
232,9.583333,"NOx, ppb",2014
233,19.125,"NOx, ppb",2014
234,10.5,"NOx, ppb",2014
235,6.708333,"NOx, ppb",2014
236,7.166667,"NOx, ppb",2014
237,15.666667,"NOx, ppb",2014
238,18.208333,"NOx, ppb",2014
239,11.708333,"NOx, ppb",2014
240,15.125,"NOx, ppb",2014
241,20.956522,"NOx, ppb",2014
242,13.541667,"NOx, ppb",2014
243,6.208333,"NOx, ppb",2014
244,11.375,"NOx, ppb",2014
245,19.541667,"NOx, ppb",2014
246,19.25,"NOx, ppb",2014
247,18.125,"NOx, ppb",2014
248,14.916667,"NOx, ppb",2014
249,12.333333,"NOx, ppb",2014
250,8.291667,"NOx, ppb",2014
251,15.166667,"NOx, ppb",2014
252,16.958333,"NOx, ppb",2014
253,16.5,"NOx, ppb",2014
254,21.125,"NOx, ppb",2014
255,20.166667,"NOx, ppb",2014
256,17.291667,"NOx, ppb",2014
257,12.583333,"NOx, ppb",2014
258,20.875,"NOx, ppb",2014
259,24.375,"NOx, ppb",2014
260,20.083333,"NOx, ppb",2014
261,22.533333,"NOx, ppb",2014
266,10.166667,"NOx, ppb",2014
267,20.541667,"NOx, ppb",2014
268,21.708333,"NOx, ppb",2014
269,17.708333,"NOx, ppb",2014
270,9.125,"NOx, ppb",2014
271,6.041667,"NOx, ppb",2014
272,14.833333,"NOx, ppb",2014
273,14.541667,"NOx, ppb",2014
274,9,"NOx, ppb",2014
275,17.333333,"NOx, ppb",2014
276,31.25,"NOx, ppb",2014
277,18.416667,"NOx, ppb",2014
278,10.666667,"NOx, ppb",2014
279,27.333333,"NOx, ppb",2014
280,27.791667,"NOx, ppb",2014
281,30.090909,"NOx, ppb",2014
282,30.833333,"NOx, ppb",2014
283,35.25,"NOx, ppb",2014
284,21.833333,"NOx, ppb",2014
285,5.875,"NOx, ppb",2014
286,22.708333,"NOx, ppb",2014
287,40.5,"NOx, ppb",2014
290,30.166667,"NOx, ppb",2014
291,24.375,"NOx, ppb",2014
292,18.125,"NOx, ppb",2014
293,20.666667,"NOx, ppb",2014
294,24.208333,"NOx, ppb",2014
295,25.208333,"NOx, ppb",2014
296,38.75,"NOx, ppb",2014
297,32.583333,"NOx, ppb",2014
298,15.208333,"NOx, ppb",2014
299,4.625,"NOx, ppb",2014
300,16.333333,"NOx, ppb",2014
301,34.666667,"NOx, ppb",2014
302,48.625,"NOx, ppb",2014
303,46.958333,"NOx, ppb",2014
304,36.875,"NOx, ppb",2014
305,4.458333,"NOx, ppb",2014
306,4.958333,"NOx, ppb",2014
307,16.916667,"NOx, ppb",2014
308,42.125,"NOx, ppb",2014
309,43.583333,"NOx, ppb",2014
310,52.25,"NOx, ppb",2014
311,42.826087,"NOx, ppb",2014
312,34.125,"NOx, ppb",2014
313,25.541667,"NOx, ppb",2014
314,15.541667,"NOx, ppb",2014
315,27.625,"NOx, ppb",2014
316,12.083333,"NOx, ppb",2014
317,33.35,"NOx, ppb",2014
318,101.736842,"NOx, ppb",2014
319,12.208333,"NOx, ppb",2014
320,16.375,"NOx, ppb",2014
321,52.208333,"NOx, ppb",2014
322,84.375,"NOx, ppb",2014
323,105.916667,"NOx, ppb",2014
324,108.125,"NOx, ppb",2014
325,83.375,"NOx, ppb",2014
326,29.375,"NOx, ppb",2014
327,9.833333,"NOx, ppb",2014
328,23.583333,"NOx, ppb",2014
329,77.833333,"NOx, ppb",2014
330,74.833333,"NOx, ppb",2014
331,53.708333,"NOx, ppb",2014
332,41.041667,"NOx, ppb",2014
333,8.833333,"NOx, ppb",2014
334,13.958333,"NOx, ppb",2014
335,41.208333,"NOx, ppb",2014
336,80.291667,"NOx, ppb",2014
337,43.625,"NOx, ppb",2014
338,50.666667,"NOx, ppb",2014
339,49.666667,"NOx, ppb",2014
340,41.291667,"NOx, ppb",2014
341,39.5,"NOx, ppb",2014
342,74.541667,"NOx, ppb",2014
343,73,"NOx, ppb",2014
344,93,"NOx, ppb",2014
345,74.291667,"NOx, ppb",2014
346,34.541667,"NOx, ppb",2014
347,11.583333,"NOx, ppb",2014
348,12.708333,"NOx, ppb",2014
349,44.583333,"NOx, ppb",2014
350,65.291667,"NOx, ppb",2014
351,79.416667,"NOx, ppb",2014
352,32.75,"NOx, ppb",2014
353,61,"NOx, ppb",2014
354,29.083333,"NOx, ppb",2014
355,16.666667,"NOx, ppb",2014
356,11.5,"NOx, ppb",2014
357,31.791667,"NOx, ppb",2014
358,42.25,"NOx, ppb",2014
359,6.875,"NOx, ppb",2014
360,20.166667,"NOx, ppb",2014
361,32.166667,"NOx, ppb",2014
362,33.041667,"NOx, ppb",2014
363,26.375,"NOx, ppb",2014
364,29.416667,"NOx, ppb",2014
365,57.083333,"NOx, ppb",2014
001,43,"PM10, ug/m3",1993
002,19,"PM10, ug/m3",1993
003,22,"PM10, ug/m3",1993
004,69,"PM10, ug/m3",1993
005,103,"PM10, ug/m3",1993
006,94,"PM10, ug/m3",1993
008,87,"PM10, ug/m3",1993
009,20,"PM10, ug/m3",1993
010,8,"PM10, ug/m3",1993
011,18,"PM10, ug/m3",1993
012,37,"PM10, ug/m3",1993
014,23,"PM10, ug/m3",1993
015,53,"PM10, ug/m3",1993
016,15,"PM10, ug/m3",1993
017,39,"PM10, ug/m3",1993
018,35,"PM10, ug/m3",1993
019,20,"PM10, ug/m3",1993
020,37,"PM10, ug/m3",1993
021,38,"PM10, ug/m3",1993
022,12,"PM10, ug/m3",1993
023,25,"PM10, ug/m3",1993
024,51,"PM10, ug/m3",1993
025,127,"PM10, ug/m3",1993
026,124,"PM10, ug/m3",1993
027,86,"PM10, ug/m3",1993
028,145,"PM10, ug/m3",1993
029,194,"PM10, ug/m3",1993
030,45,"PM10, ug/m3",1993
031,51,"PM10, ug/m3",1993
033,47,"PM10, ug/m3",1993
034,82,"PM10, ug/m3",1993
035,108,"PM10, ug/m3",1993
036,97,"PM10, ug/m3",1993
037,205,"PM10, ug/m3",1993
038,196,"PM10, ug/m3",1993
039,69,"PM10, ug/m3",1993
040,33,"PM10, ug/m3",1993
041,44,"PM10, ug/m3",1993
042,24,"PM10, ug/m3",1993
043,37,"PM10, ug/m3",1993
044,54,"PM10, ug/m3",1993
045,37,"PM10, ug/m3",1993
046,45,"PM10, ug/m3",1993
047,36,"PM10, ug/m3",1993
048,37,"PM10, ug/m3",1993
049,69,"PM10, ug/m3",1993
050,11,"PM10, ug/m3",1993
051,7,"PM10, ug/m3",1993
052,13,"PM10, ug/m3",1993
053,34,"PM10, ug/m3",1993
054,17,"PM10, ug/m3",1993
055,11,"PM10, ug/m3",1993
056,20,"PM10, ug/m3",1993
058,94,"PM10, ug/m3",1993
059,102,"PM10, ug/m3",1993
060,106,"PM10, ug/m3",1993
061,130,"PM10, ug/m3",1993
062,93,"PM10, ug/m3",1993
063,102,"PM10, ug/m3",1993
064,109,"PM10, ug/m3",1993
065,69,"PM10, ug/m3",1993
066,67,"PM10, ug/m3",1993
067,125,"PM10, ug/m3",1993
068,138,"PM10, ug/m3",1993
069,154,"PM10, ug/m3",1993
070,48,"PM10, ug/m3",1993
071,31,"PM10, ug/m3",1993
072,51,"PM10, ug/m3",1993
073,29,"PM10, ug/m3",1993
074,22,"PM10, ug/m3",1993
075,18,"PM10, ug/m3",1993
076,17,"PM10, ug/m3",1993
077,24,"PM10, ug/m3",1993
078,21,"PM10, ug/m3",1993
079,21,"PM10, ug/m3",1993
080,21,"PM10, ug/m3",1993
081,28,"PM10, ug/m3",1993
082,28,"PM10, ug/m3",1993
083,23,"PM10, ug/m3",1993
084,22,"PM10, ug/m3",1993
085,19,"PM10, ug/m3",1993
086,13,"PM10, ug/m3",1993
087,6,"PM10, ug/m3",1993
088,12,"PM10, ug/m3",1993
089,21,"PM10, ug/m3",1993
090,21,"PM10, ug/m3",1993
091,23,"PM10, ug/m3",1993
092,16,"PM10, ug/m3",1993
093,17,"PM10, ug/m3",1993
094,18,"PM10, ug/m3",1993
095,40,"PM10, ug/m3",1993
096,26,"PM10, ug/m3",1993
097,25,"PM10, ug/m3",1993
099,37,"PM10, ug/m3",1993
100,35,"PM10, ug/m3",1993
101,20,"PM10, ug/m3",1993
102,31,"PM10, ug/m3",1993
103,23,"PM10, ug/m3",1993
104,25,"PM10, ug/m3",1993
105,17,"PM10, ug/m3",1993
106,33,"PM10, ug/m3",1993
107,29,"PM10, ug/m3",1993
108,37,"PM10, ug/m3",1993
109,20,"PM10, ug/m3",1993
110,22,"PM10, ug/m3",1993
111,38,"PM10, ug/m3",1993
112,76,"PM10, ug/m3",1993
113,25,"PM10, ug/m3",1993
114,13,"PM10, ug/m3",1993
115,14,"PM10, ug/m3",1993
116,33,"PM10, ug/m3",1993
117,35,"PM10, ug/m3",1993
118,34,"PM10, ug/m3",1993
119,47,"PM10, ug/m3",1993
120,33,"PM10, ug/m3",1993
121,31,"PM10, ug/m3",1993
122,26,"PM10, ug/m3",1993
123,63,"PM10, ug/m3",1993
124,25,"PM10, ug/m3",1993
125,15,"PM10, ug/m3",1993
126,12,"PM10, ug/m3",1993
127,29,"PM10, ug/m3",1993
128,21,"PM10, ug/m3",1993
129,16,"PM10, ug/m3",1993
131,53,"PM10, ug/m3",1993
132,45,"PM10, ug/m3",1993
133,39,"PM10, ug/m3",1993
134,43,"PM10, ug/m3",1993
135,21,"PM10, ug/m3",1993
136,23,"PM10, ug/m3",1993
137,34,"PM10, ug/m3",1993
138,35,"PM10, ug/m3",1993
139,35,"PM10, ug/m3",1993
140,29,"PM10, ug/m3",1993
141,44,"PM10, ug/m3",1993
142,19,"PM10, ug/m3",1993
143,21,"PM10, ug/m3",1993
144,27,"PM10, ug/m3",1993
146,27,"PM10, ug/m3",1993
147,22,"PM10, ug/m3",1993
148,17,"PM10, ug/m3",1993
149,19,"PM10, ug/m3",1993
150,21,"PM10, ug/m3",1993
151,27,"PM10, ug/m3",1993
152,44,"PM10, ug/m3",1993
153,65,"PM10, ug/m3",1993
154,14,"PM10, ug/m3",1993
155,19,"PM10, ug/m3",1993
157,10,"PM10, ug/m3",1993
158,13,"PM10, ug/m3",1993
159,20,"PM10, ug/m3",1993
160,26,"PM10, ug/m3",1993
161,24,"PM10, ug/m3",1993
162,47,"PM10, ug/m3",1993
163,31,"PM10, ug/m3",1993
164,35,"PM10, ug/m3",1993
165,54,"PM10, ug/m3",1993
166,55,"PM10, ug/m3",1993
168,18,"PM10, ug/m3",1993
169,29,"PM10, ug/m3",1993
170,28,"PM10, ug/m3",1993
171,28,"PM10, ug/m3",1993
172,22,"PM10, ug/m3",1993
173,40,"PM10, ug/m3",1993
174,35,"PM10, ug/m3",1993
175,29,"PM10, ug/m3",1993
176,30,"PM10, ug/m3",1993
177,24,"PM10, ug/m3",1993
178,21,"PM10, ug/m3",1993
179,49,"PM10, ug/m3",1993
180,69,"PM10, ug/m3",1993
181,39,"PM10, ug/m3",1993
182,39,"PM10, ug/m3",1993
183,165,"PM10, ug/m3",1993
184,35,"PM10, ug/m3",1993
185,24,"PM10, ug/m3",1993
186,17,"PM10, ug/m3",1993
187,50,"PM10, ug/m3",1993
188,29,"PM10, ug/m3",1993
189,37,"PM10, ug/m3",1993
190,24,"PM10, ug/m3",1993
191,41,"PM10, ug/m3",1993
194,53,"PM10, ug/m3",1993
195,64,"PM10, ug/m3",1993
196,53,"PM10, ug/m3",1993
197,57,"PM10, ug/m3",1993
198,36,"PM10, ug/m3",1993
199,32,"PM10, ug/m3",1993
200,38,"PM10, ug/m3",1993
201,39,"PM10, ug/m3",1993
202,99,"PM10, ug/m3",1993
203,34,"PM10, ug/m3",1993
204,17,"PM10, ug/m3",1993
205,14,"PM10, ug/m3",1993
206,22,"PM10, ug/m3",1993
207,30,"PM10, ug/m3",1993
208,31,"PM10, ug/m3",1993
209,37,"PM10, ug/m3",1993
210,32,"PM10, ug/m3",1993
211,34,"PM10, ug/m3",1993
212,76,"PM10, ug/m3",1993
213,52,"PM10, ug/m3",1993
214,54,"PM10, ug/m3",1993
215,34,"PM10, ug/m3",1993
216,33,"PM10, ug/m3",1993
217,22,"PM10, ug/m3",1993
218,26,"PM10, ug/m3",1993
219,23,"PM10, ug/m3",1993
220,20,"PM10, ug/m3",1993
221,24,"PM10, ug/m3",1993
222,19,"PM10, ug/m3",1993
223,27,"PM10, ug/m3",1993
226,20,"PM10, ug/m3",1993
227,21,"PM10, ug/m3",1993
228,51,"PM10, ug/m3",1993
229,53,"PM10, ug/m3",1993
230,30,"PM10, ug/m3",1993
232,27,"PM10, ug/m3",1993
233,28,"PM10, ug/m3",1993
234,24,"PM10, ug/m3",1993
235,18,"PM10, ug/m3",1993
236,29,"PM10, ug/m3",1993
237,48,"PM10, ug/m3",1993
238,48,"PM10, ug/m3",1993
239,51,"PM10, ug/m3",1993
240,25,"PM10, ug/m3",1993
241,51,"PM10, ug/m3",1993
242,33,"PM10, ug/m3",1993
243,46,"PM10, ug/m3",1993
244,36,"PM10, ug/m3",1993
245,46,"PM10, ug/m3",1993
246,36,"PM10, ug/m3",1993
247,38,"PM10, ug/m3",1993
248,20,"PM10, ug/m3",1993
249,18,"PM10, ug/m3",1993
250,28,"PM10, ug/m3",1993
251,34,"PM10, ug/m3",1993
252,48,"PM10, ug/m3",1993
253,42,"PM10, ug/m3",1993
254,34,"PM10, ug/m3",1993
255,85,"PM10, ug/m3",1993
256,49,"PM10, ug/m3",1993
257,21,"PM10, ug/m3",1993
258,29,"PM10, ug/m3",1993
259,18,"PM10, ug/m3",1993
260,13,"PM10, ug/m3",1993
261,11,"PM10, ug/m3",1993
262,10,"PM10, ug/m3",1993
263,19,"PM10, ug/m3",1993
264,38,"PM10, ug/m3",1993
265,48,"PM10, ug/m3",1993
266,29,"PM10, ug/m3",1993
267,27,"PM10, ug/m3",1993
268,23,"PM10, ug/m3",1993
269,21,"PM10, ug/m3",1993
270,40,"PM10, ug/m3",1993
271,61,"PM10, ug/m3",1993
272,55,"PM10, ug/m3",1993
273,40,"PM10, ug/m3",1993
274,41,"PM10, ug/m3",1993
275,38,"PM10, ug/m3",1993
276,25,"PM10, ug/m3",1993
277,38,"PM10, ug/m3",1993
278,51,"PM10, ug/m3",1993
279,20,"PM10, ug/m3",1993
280,12,"PM10, ug/m3",1993
281,17,"PM10, ug/m3",1993
282,16,"PM10, ug/m3",1993
283,15,"PM10, ug/m3",1993
284,15,"PM10, ug/m3",1993
285,26,"PM10, ug/m3",1993
286,35,"PM10, ug/m3",1993
287,18,"PM10, ug/m3",1993
288,17,"PM10, ug/m3",1993
289,13,"PM10, ug/m3",1993
290,10,"PM10, ug/m3",1993
291,17,"PM10, ug/m3",1993
292,30,"PM10, ug/m3",1993
293,31,"PM10, ug/m3",1993
294,80,"PM10, ug/m3",1993
295,15,"PM10, ug/m3",1993
296,31,"PM10, ug/m3",1993
297,32,"PM10, ug/m3",1993
298,47,"PM10, ug/m3",1993
299,27,"PM10, ug/m3",1993
300,35,"PM10, ug/m3",1993
301,41,"PM10, ug/m3",1993
302,38,"PM10, ug/m3",1993
303,22,"PM10, ug/m3",1993
304,37,"PM10, ug/m3",1993
305,56,"PM10, ug/m3",1993
306,28,"PM10, ug/m3",1993
307,33,"PM10, ug/m3",1993
308,43,"PM10, ug/m3",1993
309,31,"PM10, ug/m3",1993
310,23,"PM10, ug/m3",1993
311,23,"PM10, ug/m3",1993
312,46,"PM10, ug/m3",1993
313,57,"PM10, ug/m3",1993
314,88,"PM10, ug/m3",1993
315,63,"PM10, ug/m3",1993
316,34,"PM10, ug/m3",1993
317,36,"PM10, ug/m3",1993
318,31,"PM10, ug/m3",1993
319,37,"PM10, ug/m3",1993
320,40,"PM10, ug/m3",1993
321,27,"PM10, ug/m3",1993
322,28,"PM10, ug/m3",1993
323,37,"PM10, ug/m3",1993
324,38,"PM10, ug/m3",1993
325,29,"PM10, ug/m3",1993
326,11,"PM10, ug/m3",1993
327,20,"PM10, ug/m3",1993
328,14,"PM10, ug/m3",1993
329,28,"PM10, ug/m3",1993
330,32,"PM10, ug/m3",1993
331,40,"PM10, ug/m3",1993
332,54,"PM10, ug/m3",1993
333,114,"PM10, ug/m3",1993
334,42,"PM10, ug/m3",1993
335,41,"PM10, ug/m3",1993
336,23,"PM10, ug/m3",1993
337,37,"PM10, ug/m3",1993
338,25,"PM10, ug/m3",1993
339,25,"PM10, ug/m3",1993
340,45,"PM10, ug/m3",1993
341,48,"PM10, ug/m3",1993
342,23,"PM10, ug/m3",1993
343,28,"PM10, ug/m3",1993
344,39,"PM10, ug/m3",1993
345,23,"PM10, ug/m3",1993
346,58,"PM10, ug/m3",1993
347,56,"PM10, ug/m3",1993
348,45,"PM10, ug/m3",1993
349,54,"PM10, ug/m3",1993
350,24,"PM10, ug/m3",1993
351,33,"PM10, ug/m3",1993
352,45,"PM10, ug/m3",1993
353,52,"PM10, ug/m3",1993
354,50,"PM10, ug/m3",1993
355,58,"PM10, ug/m3",1993
356,68,"PM10, ug/m3",1993
357,37,"PM10, ug/m3",1993
358,55,"PM10, ug/m3",1993
359,66,"PM10, ug/m3",1993
360,77,"PM10, ug/m3",1993
361,28,"PM10, ug/m3",1993
362,71,"PM10, ug/m3",1993
363,45,"PM10, ug/m3",1993
364,41,"PM10, ug/m3",1993
365,83,"PM10, ug/m3",1993
001,1.2375,"CO, ppm",1993
002,0.495833,"CO, ppm",1993
003,0.745833,"CO, ppm",1993
004,1.7375,"CO, ppm",1993
005,2.391304,"CO, ppm",1993
006,2.570833,"CO, ppm",1993
007,2.695833,"CO, ppm",1993
008,2.125,"CO, ppm",1993
009,0.520833,"CO, ppm",1993
010,0.533333,"CO, ppm",1993
011,0.458333,"CO, ppm",1993
012,1.295833,"CO, ppm",1993
013,1.721739,"CO, ppm",1993
014,1.083333,"CO, ppm",1993
015,1.558333,"CO, ppm",1993
016,0.716667,"CO, ppm",1993
017,1.1875,"CO, ppm",1993
018,0.920833,"CO, ppm",1993
019,1.008696,"CO, ppm",1993
020,1.204167,"CO, ppm",1993
021,1.1875,"CO, ppm",1993
022,0.595833,"CO, ppm",1993
023,0.65,"CO, ppm",1993
024,1.125,"CO, ppm",1993
025,1.720833,"CO, ppm",1993
026,2.182609,"CO, ppm",1993
027,2.8125,"CO, ppm",1993
028,2.966667,"CO, ppm",1993
029,2.5625,"CO, ppm",1993
030,1.666667,"CO, ppm",1993
031,1.316667,"CO, ppm",1993
032,1.333333,"CO, ppm",1993
033,1.029167,"CO, ppm",1993
034,0.991304,"CO, ppm",1993
035,1.154167,"CO, ppm",1993
036,1.75,"CO, ppm",1993
037,2.220833,"CO, ppm",1993
038,1.7875,"CO, ppm",1993
039,1.3625,"CO, ppm",1993
040,0.804167,"CO, ppm",1993
041,1.23913,"CO, ppm",1993
042,0.917391,"CO, ppm",1993
043,0.758333,"CO, ppm",1993
044,1.2875,"CO, ppm",1993
045,1.216667,"CO, ppm",1993
046,1.05,"CO, ppm",1993
047,1.156522,"CO, ppm",1993
048,1.208333,"CO, ppm",1993
049,1.104167,"CO, ppm",1993
050,0.383333,"CO, ppm",1993
051,0.45,"CO, ppm",1993
052,0.4875,"CO, ppm",1993
053,0.704167,"CO, ppm",1993
054,0.756522,"CO, ppm",1993
055,0.554167,"CO, ppm",1993
056,0.741667,"CO, ppm",1993
057,1.475,"CO, ppm",1993
058,1.604167,"CO, ppm",1993
059,1.354167,"CO, ppm",1993
060,1.495833,"CO, ppm",1993
061,1.391667,"CO, ppm",1993
062,1.186957,"CO, ppm",1993
063,1.3875,"CO, ppm",1993
064,1.245833,"CO, ppm",1993
065,0.775,"CO, ppm",1993
066,0.845833,"CO, ppm",1993
067,1.4875,"CO, ppm",1993
068,1.730435,"CO, ppm",1993
069,1.641667,"CO, ppm",1993
070,0.829167,"CO, ppm",1993
071,0.7,"CO, ppm",1993
072,0.970833,"CO, ppm",1993
073,0.8375,"CO, ppm",1993
074,0.645833,"CO, ppm",1993
075,0.5,"CO, ppm",1993
076,0.3,"CO, ppm",1993
077,0.583333,"CO, ppm",1993
078,0.670833,"CO, ppm",1993
079,0.691667,"CO, ppm",1993
080,0.5,"CO, ppm",1993
081,0.870833,"CO, ppm",1993
082,0.626087,"CO, ppm",1993
083,0.4,"CO, ppm",1993
084,0.420833,"CO, ppm",1993
085,0.375,"CO, ppm",1993
086,0.341667,"CO, ppm",1993
087,0.4,"CO, ppm",1993
088,0.616667,"CO, ppm",1993
089,0.613043,"CO, ppm",1993
090,0.666667,"CO, ppm",1993