Time_ms,Pressure_psig
0,0
0.0252,5.60E-05
0.0504,0.000224062
0.0756,0.000504139
0.1008,0.000896247
0.126,0.001400386
0.1512,0.002016557
0.1764,0.002744758
0.2016,0.003584989
0.2268,0.004537252
0.252,0.005601546
0.2772,0.006777871
0.3024,0.008066226
0.3276,0.009466613
0.3528,0.01097903
0.378,0.012603478
0.4032,0.014339958
0.4284,0.016188468
0.4536,0.018149009
0.4788,0.020221581
0.504,0.022406184
0.5292,0.024702818
0.5544,0.027111482
0.5796,0.029632178
0.6048,0.032264905
0.63,0.035009662
0.6552,0.037866451
0.6804,0.04083527
0.7056,0.04391612
0.7308,0.047109001
0.756,0.050413914
0.7812,0.053830857
0.8064,0.057359831
0.8316,0.061000835
0.8568,0.064753871
0.882,0.068618938
0.9072,0.072596035
0.9324,0.076685164
0.9576,0.080886323
0.9828,0.085199514
1.008,0.089624735
1.0332,0.094161987
1.0584,0.098811271
1.0836,0.103572585
1.1088,0.10844593
1.134,0.113431305
1.1592,0.118528712
1.1844,0.12373815
1.2096,0.129059619
1.2348,0.134493118
1.26,0.140038649
1.2852,0.14569621
1.3104,0.151465802
1.3356,0.157347426
1.3608,0.16334108
1.386,0.169446765
1.4112,0.175664481
1.4364,0.181994228
1.4616,0.188436006
1.4868,0.194989814
1.512,0.201655654
1.5372,0.208433525
1.5624,0.215323426
1.5876,0.222325359
1.6128,0.229439322
1.638,0.236665316
1.6632,0.244003342
1.6884,0.251453398
1.7136,0.259015485
1.7388,0.266689603
1.764,0.274475751
1.7892,0.282373931
1.8144,0.290384142
1.8396,0.298506384
1.8648,0.306740656
1.89,0.31508696
1.9152,0.323545294
1.9404,0.332115659
1.9656,0.340798055
1.9908,0.349592483
2.016,0.358498941
2.0412,0.36751743
2.0664,0.37664795
2.0916,0.3858905
2.1168,0.395245082
2.142,0.404711695
2.1672,0.414290338
2.1924,0.423981013
2.2176,0.433783718
2.2428,0.443698455
2.268,0.453725222
2.2932,0.46386402
2.3184,0.474114849
2.3436,0.484477709
2.3688,0.4949526
2.394,0.505539522
2.4192,0.516238475
2.4444,0.527049458
2.4696,0.537972473
2.4948,0.549007518
2.52,0.560154595
2.5452,0.571413702
2.5704,0.58278484
2.5956,0.59426801
2.6208,0.60586321
2.646,0.617570441
2.6712,0.629389703
2.6964,0.641320996
2.7216,0.653364319
2.7468,0.665519674
2.772,0.67778706
2.7972,0.690166476
2.8224,0.702657924
2.8476,0.715261402
2.8728,0.727976911
2.898,0.740804452
2.9232,0.753744023
2.9484,0.766795625
2.9736,0.779959258
2.9988,0.793234922
3.024,0.806622617
3.0492,0.820122342
3.0744,0.833734099
3.0996,0.847457887
3.1248,0.861293705
3.15,0.875241554
3.1752,0.889301435
3.2004,0.903473346
3.2256,0.917757288
3.2508,0.932153261
3.276,0.946661265
3.3012,0.9612813
3.3264,0.976013366
3.3516,0.990857463
3.3768,1.00581359
3.402,1.020881749
3.4272,1.036061939
3.4524,1.051354159
3.4776,1.06675841
3.5028,1.082274693
3.528,1.097903006
3.5532,1.11364335
3.5784,1.129495725
3.6036,1.145460131
3.6288,1.161536568
3.654,1.177725036
3.6792,1.194025534
3.7044,1.210438064
3.7296,1.226962624
3.7548,1.243599216
3.78,1.260347838
3.8052,1.277208492
3.8304,1.294181176
3.8556,1.311265891
3.8808,1.328462637
3.906,1.345771414
3.9312,1.363192222
3.9564,1.380725061
3.9816,1.398369931
4.0068,1.416126831
4.032,1.433995763
4.0572,1.451976725
4.0824,1.470069719
4.1076,1.488274743
4.1328,1.506591798
4.158,1.525020884
4.1832,1.543562001
4.2084,1.562215149
4.2336,1.580980328
4.2588,1.599857538
4.284,1.618846779
4.3092,1.637948051
4.3344,1.657161353
4.3596,1.676486687
4.3848,1.695924051
4.41,1.715473447
4.4352,1.735134873
4.4604,1.75490833
4.4856,1.774793818
4.5108,1.794791337
4.536,1.814900887
4.5612,1.835122468
4.5864,1.85545608
4.6116,1.875901723
4.6368,1.896459396
4.662,1.917129101
4.6872,1.937910836
4.7124,1.958804603
4.7376,1.9798104
4.7628,2.000928228
4.788,2.022158087
4.8132,2.043499977
4.8384,2.064953898
4.8636,2.08651985
4.8888,2.108197833
4.914,2.129987847
4.9392,2.151889891
4.9644,2.173903967
4.9896,2.196030074
5.0148,2.218268211
5.04,2.240618379
5.0652,2.263080579
5.0904,2.285654809
5.1156,2.30834107
5.1408,2.331139362
5.166,2.354049685
5.1912,2.377072039
5.2164,2.400206423
5.2416,2.423452839
5.2668,2.446811286
5.292,2.470281763
5.3172,2.493864272
5.3424,2.517558811
5.3676,2.541365381
5.3928,2.565283982
5.418,2.589314615
5.4432,2.613457278
5.4684,2.637711972
5.4936,2.662078696
5.5188,2.686557452
5.544,2.711148239
5.5692,2.735851057
5.5944,2.760665905
5.6196,2.785592785
5.6448,2.810631695
5.67,2.835782636
5.6952,2.861045608
5.7204,2.886420612
5.7456,2.911907646
5.7708,2.937506711
5.796,2.963217807
5.8212,2.989040933
5.8464,3.014976091
5.8716,3.04102328
5.8968,3.067182499
5.922,3.09345375
5.9472,3.119837031
5.9724,3.146332344
5.9976,3.172939687
6.0228,3.199659061
6.048,3.226490466
6.0732,3.253433902
6.0984,3.280489369
6.1236,3.307656867
6.1488,3.334936396
6.174,3.362327955
6.1992,3.389831546
6.2244,3.417447168
6.2496,3.44517482
6.2748,3.473014503
6.3,3.500966218
6.3252,3.529029963
6.3504,3.557205739
6.3756,3.585493546
6.4008,3.613893384
6.426,3.642405253
6.4512,3.671029153
6.4764,3.699765083
6.5016,3.728613045
6.5268,3.757573038
6.552,3.786645061
6.5772,3.815829115
6.6024,3.845125201
6.6276,3.874533317
6.6528,3.904053464
6.678,3.933685642
6.7032,3.963429851
6.7284,3.993286091
6.7536,4.023254362
6.7788,4.053334664
6.804,4.083526996
6.8292,4.11383136
6.8544,4.144247754
6.8796,4.17477618
6.9048,4.205416636
6.93,4.236169123
6.9552,4.267033641
6.9804,4.298010191
7.0056,4.329098771
7.0308,4.360299382
7.056,4.391612023
7.0812,4.423036696
7.1064,4.4545734
7.1316,4.486222134
7.1568,4.5179829
7.182,4.549855696
7.2072,4.581840524
7.2324,4.613937382
7.2576,4.646146271
7.2828,4.678467191
7.308,4.710900142
7.3332,4.743445124
7.3584,4.776102137
7.3836,4.808871181
7.4088,4.841752256
7.434,4.874745361
7.4592,4.907850498
7.4844,4.941067665
7.5096,4.974396864
7.5348,5.007838093
7.56,5.041391353
7.5852,5.075056645
7.6104,5.108833967
7.6356,5.14272332
7.6608,5.176724703
7.686,5.210838118
7.7112,5.245063564
7.7364,5.279401041
7.7616,5.313850548
7.7868,5.348412087
7.812,5.383085656
7.8372,5.417871257
7.8624,5.452768888
7.8876,5.48777855
7.9128,5.522900243
7.938,5.558133967
7.9632,5.593479722
7.9884,5.628937508
8.0136,5.664507325
8.0388,5.700189172
8.064,5.735983051
8.0892,5.77188896
8.1144,5.807906901
8.1396,5.844036872
8.1648,5.880278875
8.19,5.916632908
8.2152,5.953098972
8.2404,5.989677067
8.2656,6.026367193
8.2908,6.06316935
8.316,6.100083538
8.3412,6.137109756
8.3664,6.174248006
8.3916,6.211498286
8.4168,6.248860598
8.442,6.28633494
8.4672,6.323921314
8.4924,6.361619718
8.5176,6.399430153
8.5428,6.437352619
8.568,6.475387116
8.5932,6.513533644
8.6184,6.551792203
8.6436,6.590162793
8.6688,6.628645413
8.694,6.667240065
8.7192,6.705946747
8.7444,6.744765461
8.7696,6.783696205
8.7948,6.82273898
8.82,6.861893787
8.8452,6.901160624
8.8704,6.940539492
8.8956,6.980030391
8.9208,7.01963332
8.946,7.059348281
8.9712,7.099175273
8.9964,7.139114296
9.0216,7.179165349
9.0468,7.219328433
9.072,7.259603549
9.0972,7.299990695
9.1224,7.340489872
9.1476,7.38110108
9.1728,7.42182432
9.198,7.462659589
9.2232,7.50360689
9.2484,7.544666222
9.2736,7.585837585
9.2988,7.627120979
9.324,7.668516403
9.3492,7.710023859
9.3744,7.751643345
9.3996,7.793374862
9.4248,7.83521841
9.45,7.87717399
9.4752,7.9192416
9.5004,7.961421241
9.5256,8.003712913
9.5508,8.046116615
9.576,8.088632349
9.6012,8.131260114
9.6264,8.173999909
9.6516,8.216851736
9.6768,8.259815593
9.702,8.302891482
9.7272,8.346079401
9.7524,8.389379351
9.7776,8.432791332
9.8028,8.476315344
9.828,8.519951387
9.8532,8.563699461
9.8784,8.607559566
9.9036,8.651531702
9.9288,8.695615868
9.954,8.739812066
9.9792,8.784120294
10.0044,8.828540553
10.0296,8.873072844
10.0548,8.917717165
10.08,8.962473517
10.1052,9.0073419
10.1304,9.052322314
10.1556,9.097414759
10.1808,9.142619235
10.206,9.187935742
10.2312,9.233364279
10.2564,9.278904848
10.2816,9.324557447
10.3068,9.370322078
10.332,9.416198739
10.3572,9.462187431
10.3824,9.508288154
10.4076,9.554500908
10.4328,9.600825693
10.458,9.647262509
10.4832,9.693811356
10.5084,9.740472234
10.5336,9.787245143
10.5588,9.834130082
10.584,9.881127053
10.6092,9.928236054
10.6344,9.975457086
10.6596,10.02279015
10.6848,10.07023524
10.71,10.11779237
10.7352,10.16546152
10.7604,10.21324271
10.7856,10.26113593
10.8108,10.30914118
10.836,10.35725846
10.8612,10.40548777
10.8864,10.45382911
10.9116,10.50228248
10.9368,10.55084789
10.962,10.59952532
10.9872,10.64831479
11.0124,10.69721628
11.0376,10.74622981
11.0628,10.79535537
11.088,10.84459296
11.1132,10.89394258
11.1384,10.94340423
11.1636,10.99297791
11.1888,11.04266362
11.214,11.09246136
11.2392,11.14237114
11.2644,11.19239294
11.2896,11.24252678
11.3148,11.29277265
11.34,11.34313055
11.3652,11.39360047
11.3904,11.44418243
11.4156,11.49487642
11.4408,11.54568245
11.466,11.5966005
11.4912,11.64763058
11.5164,11.6987727
11.5416,11.75002684
11.5668,11.80139302
11.592,11.85287123
11.6172,11.90446146
11.6424,11.95616373
11.6676,12.00797803
11.6928,12.05990436
11.718,12.11194273
11.7432,12.16409312
11.7684,12.21635554
11.7936,12.26873
11.8188,12.32121648
11.844,12.373815
11.8692,12.42652555
11.8944,12.47934813
11.9196,12.53228273
11.9448,12.58532937
11.97,12.63848805
11.9952,12.69175875
12.0204,12.74514148
12.0456,12.79863624
12.0708,12.85224304
12.096,12.90596186
12.1212,12.95979272
12.1464,13.01373561
12.1716,13.06779053
12.1968,13.12195748
12.222,13.17623646
12.2472,13.23062747
12.2724,13.28513051
12.2976,13.33974558
12.3228,13.39447269
12.348,13.44931182
12.3732,13.50426299
12.3984,13.55932618
12.4236,13.61450141
12.4488,13.66978867
12.474,13.72518796
12.4992,13.78069928
12.5244,13.83632263
12.5496,13.89205801
12.5748,13.94790543
12.6,14.00386487
12.6252,14.00386487
12.6504,14.17758513
12.6756,14.35499702
12.7008,14.53616224
12.726,14.72114274
12.7512,14.9100007
12.7764,15.10279842
12.8016,15.29959833
12.8268,15.50046292
12.852,15.70545471
12.8772,15.91463617
12.9024,16.12806967
12.9276,16.34581745
12.9528,16.56794153
12.978,16.79450366
13.0032,17.02556525
13.0284,17.2611873
13.0536,17.50143035
13.0788,17.74635438
13.104,17.99601876
13.1292,18.25048215
13.1544,18.50980243
13.1796,18.77403662
13.2048,19.0432408
13.23,19.31747
13.2552,19.59677814
13.2804,19.88121791
13.3056,20.17084069
13.3308,20.46569646
13.356,20.76583368
13.3812,21.07129922
13.4064,21.38213821
13.4316,21.698394
13.4568,22.020108
13.482,22.34731958
13.5072,22.680066
13.5324,23.01838226
13.5576,23.36230101
13.5828,23.7118524
13.608,24.06706405
13.6332,24.42796085
13.6584,24.79456488
13.6836,25.16689534
13.7088,25.54496835
13.734,25.92879692
13.7592,26.31839079
13.7844,26.71375637
13.8096,27.11489655
13.8348,27.52181069
13.86,27.93449445
13.8852,28.35293971
13.9104,28.77713446
13.9356,29.20706275
13.9608,29.64270454
13.986,30.08403563
14.0112,30.53102759
14.0364,30.98364769
14.0616,31.44185879
14.0868,31.90561928
14.112,32.37488306
14.1372,32.84959942
14.1624,33.32971304
14.1876,33.8151639
14.2128,34.30588729
14.238,34.80181374
14.2632,35.30286901
14.2884,35.80897411
14.3136,36.32004523
14.3388,36.83599378
14.364,37.35672641
14.3892,37.88214499
14.4144,38.41214668
14.4396,38.94662395
14.4648,39.48546461
14.49,40.02855191
14.5152,40.57576454
14.5404,41.12697678
14.5656,41.68205852
14.5908,42.24087541
14.616,42.80328891
14.6412,43.36915644
14.6664,43.9383315
14.6916,44.51066378
14.7168,45.08599933
14.742,45.66418067
14.7672,46.245047
14.7924,46.82843432
14.8176,47.41417563
14.8428,48.00210109
14.868,48.59203823
14.8932,49.18381215
14.9184,49.77724567
14.9436,50.37215963
14.9688,50.968373
14.994,51.56570316
15.0192,52.16396612
15.0444,52.76297671
15.0696,53.36254885
15.0948,53.96249574
15.12,54.56263012
15.1452,55.1627645
15.1704,55.76271138
15.1956,56.36228352
15.2208,56.96129411
15.246,57.55955707
15.2712,58.15688723
15.2964,58.7531006
15.3216,59.34801456
15.3468,59.94144809
15.372,60.533222
15.3972,61.12315914
15.4224,61.7110846
15.4476,62.29682591
15.4728,62.88021323
15.498,63.46107956
15.5232,64.0392609
15.5484,64.61459645
15.5736,65.18692873
15.5988,65.75610379
15.624,66.32197132
15.6492,66.88438482
15.6744,67.44320171
15.6996,67.99828345
15.7248,68.54949569
15.75,69.09670833
15.7752,69.63979562
15.8004,70.17863628
15.8256,70.71311355
15.8508,71.24311524
15.876,71.76853383
15.9012,72.28926645
15.9264,72.805215
15.9516,73.31628612
15.9768,73.82239122
16.002,74.3234465
16.0272,74.81937295
16.0524,75.31009633
16.0776,75.79554719
16.1028,76.27566081
16.128,76.75037717
16.1532,77.21964095
16.1784,77.68340145
16.2036,78.14161254
16.2288,78.59423264
16.254,79.0412246
16.2792,79.48255569
16.3044,79.91819748
16.3296,80.34812577
16.3548,80.77232053
16.38,81.19076578
16.4052,81.60344954
16.4304,82.01036368
16.4556,82.41150386
16.4808,82.80686944
16.506,83.19646332
16.5312,83.58029189
16.5564,83.9583649
16.5816,84.33069535
16.6068,84.69729938
16.632,85.05819618
16.6572,85.41340783
16.6824,85.76295923
16.7076,86.10687797
16.7328,86.44519423
16.758,86.77794065
16.7832,87.10515224
16.8084,87.42686623
16.8336,87.74312202
16.8588,88.05396101
16.884,88.35942655
16.9092,88.65956377
16.9344,88.95441954
16.9596,89.24404232
16.9848,89.52848209
17.01,89.80779023
17.0352,90.08201943
17.0604,90.35122361
17.0856,90.61545781
17.1108,90.87477809
17.136,91.12924147
17.1612,91.37890585
17.1864,91.62382988
17.2116,91.86407293
17.2368,92.09969499
17.262,92.33075657
17.2872,92.5573187
17.3124,92.77944278
17.3376,92.99719056
17.3628,93.21062406
17.388,93.41980552
17.4132,93.62479731
17.4384,93.82566191
17.4636,94.02246181
17.4888,94.21525953
17.514,94.40411749
17.5392,94.589098
17.5644,94.77026322
17.5896,94.9476751
17.6148,95.12139536
17.64,95.29148543
17.6652,95.29148543
17.6904,95.29148543
17.7156,95.29148543
17.7408,95.29148543
17.766,95.29148543
17.7912,95.29148543
17.8164,95.29148543
17.8416,95.29148543
17.8668,95.29148543
17.892,95.29148543
17.9172,95.29148543
17.9424,95.29148543
17.9676,95.29148543
17.9928,95.29148543
18.018,95.29148543
18.0432,95.29148543
18.0684,95.29148543
18.0936,95.29148543
18.1188,95.29148543
18.144,95.29148543
18.1692,95.29148543
18.1944,95.29148543
18.2196,95.29148543
18.2448,95.29148543
18.27,95.29148543
18.2952,95.29148543
18.3204,95.29148543
18.3456,95.29148543
18.3708,95.29148543
18.396,95.29148543
18.4212,95.29148543
18.4464,95.29148543
18.4716,95.29148543
18.4968,95.29148543
18.522,95.29148543
18.5472,95.29148543
18.5724,95.29148543
18.5976,95.29148543
18.6228,95.29148543
18.648,95.29148543
18.6732,95.29148543
18.6984,95.29148543
18.7236,95.29148543
18.7488,95.29148543
18.774,95.29148543
18.7992,95.29148543
18.8244,95.29148543
18.8496,95.29148543
18.8748,95.29148543
18.9,95.29148543
18.9252,95.29148543
18.9504,95.29148543
18.9756,95.29148543
19.0008,95.29148543
19.026,95.29148543
19.0512,95.29148543
19.0764,95.29148543
19.1016,95.29148543
19.1268,95.29148543
19.152,95.29148543
19.1772,95.29148543
19.2024,95.29148543
19.2276,95.29148543
19.2528,95.29148543
19.278,95.29148543
19.3032,95.29148543
19.3284,95.29148543
19.3536,95.29148543
19.3788,95.29148543
19.404,95.29148543
19.4292,95.29148543
19.4544,95.29148543
19.4796,95.29148543
19.5048,95.29148543
19.53,95.29148543
19.5552,95.29148543
19.5804,95.29148543
19.6056,95.29148543
19.6308,95.29148543
19.656,95.29148543
19.6812,95.29148543
19.7064,95.29148543
19.7316,95.29148543
19.7568,95.29148543
19.782,95.29148543
19.8072,95.29148543
19.8324,95.29148543
19.8576,95.29148543
19.8828,95.29148543
19.908,95.29148543
19.9332,95.29148543
19.9584,95.29148543
19.9836,95.29148543
20.0088,95.29148543
20.034,95.29148543
20.0592,95.29148543
20.0844,95.29148543
20.1096,95.29148543
20.1348,95.29148543
20.16,95.29148543
20.1852,95.29148543
20.2104,95.29148543
20.2356,95.29148543
20.2608,95.29148543
20.286,95.29148543
20.3112,95.29148543
20.3364,95.29148543
20.3616,95.29148543
20.3868,95.29148543
20.412,95.29148543
20.4372,95.29148543
20.4624,95.29148543
20.4876,95.29148543
20.5128,95.29148543
20.538,95.29148543
20.5632,95.29148543
20.5884,95.29148543
20.6136,95.29148543
20.6388,95.29148543
20.664,95.29148543
20.6892,95.29148543
20.7144,95.29148543
20.7396,95.29148543
20.7648,95.29148543
20.79,95.29148543
20.8152,95.29148543
20.8404,95.29148543
20.8656,95.29148543
20.8908,95.29148543
20.916,95.29148543
20.9412,95.29148543
20.9664,95.29148543
20.9916,95.29148543
21.0168,95.29148543
21.042,95.29148543
21.0672,95.29148543
21.0924,95.29148543
21.1176,95.29148543
21.1428,95.29148543
21.168,95.29148543
21.1932,95.29148543
21.2184,95.29148543
21.2436,95.29148543
21.2688,95.29148543
21.294,95.29148543
21.3192,95.29148543
21.3444,95.29148543
21.3696,95.274551
21.3948,95.24992587
21.42,95.22538324
21.4452,95.20092228
21.4704,95.17654218
21.4956,95.15224215
21.5208,95.12802141
21.546,95.10387917
21.5712,95.07981469
21.5964,95.05582722
21.6216,95.03191602
21.6468,95.00808037
21.672,94.98431955
21.6972,94.96063287
21.7224,94.93701964
21.7476,94.91347918
21.7728,94.89001082
21.798,94.8666139
21.8232,94.84328778
21.8484,94.8200318
21.8736,94.79684536
21.8988,94.77372782
21.924,94.75067857
21.9492,94.72769701
21.9744,94.70478256
21.9996,94.68193462
22.0248,94.65915262
22.05,94.63643599
22.0752,94.61378418
22.1004,94.59119662
22.1256,94.56867278
22.1508,94.54621213
22.176,94.52381412
22.2012,94.50147825
22.2264,94.47920399
22.2516,94.45699085
22.2768,94.43483831
22.302,94.41274588
22.3272,94.39071309
22.3524,94.36873945
22.3776,94.34682448
22.4028,94.32496771
22.428,94.3031687
22.4532,94.28142697
22.4784,94.25974209
22.5036,94.2381136
22.5288,94.21654107
22.554,94.19502407
22.5792,94.17356218
22.6044,94.15215496
22.6296,94.13080201
22.6548,94.10950291
22.68,94.08825726
22.7052,94.06706466
22.7304,94.04592471
22.7556,94.02483702
22.7808,94.00380121
22.806,93.9828169
22.8312,93.9618837
22.8564,93.94100125
22.8816,93.92016918
22.9068,93.89938713
22.932,93.87865474
22.9572,93.85797165
22.9824,93.83733752
23.0076,93.81675199
23.0328,93.79621473
23.058,93.7757254
23.0832,93.75528367
23.1084,93.73488919
23.1336,93.71454166
23.1588,93.69424074
23.184,93.67398612
23.2092,93.65377748
23.2344,93.6336145
23.2596,93.61349689
23.2848,93.59342434
23.31,93.57339654
23.3352,93.5534132
23.3604,93.53347402
23.3856,93.51357871
23.4108,93.49372698
23.436,93.47391855
23.4612,93.45415314
23.4864,93.43443046
23.5116,93.41475024
23.5368,93.39511221
23.562,93.3755161
23.5872,93.35596163
23.6124,93.33644856
23.6376,93.3169766
23.6628,93.29754551
23.688,93.27815503
23.7132,93.2588049
23.7384,93.23949488
23.7636,93.22022471
23.7888,93.20099415
23.814,93.18180296
23.8392,93.1626509
23.8644,93.14353772
23.8896,93.12446319
23.9148,93.10542708
23.94,93.08642916
23.9652,93.0674692
23.9904,93.04854697
24.0156,93.02966225
24.0408,93.01081481
24.066,92.99200443
24.0912,92.9732309
24.1164,92.95449401
24.1416,92.93579353
24.1668,92.91712926
24.192,92.89850098
24.2172,92.87990849
24.2424,92.86135159
24.2676,92.84283007
24.2928,92.82434373
24.318,92.80589236
24.3432,92.78747578
24.3684,92.76909378
24.3936,92.75074617
24.4188,92.73243277
24.444,92.71415337
24.4692,92.69590779
24.4944,92.67769584
24.5196,92.65951734
24.5448,92.6413721
24.57,92.62325995
24.5952,92.60518069
24.6204,92.58713416
24.6456,92.56912017
24.6708,92.55113856
24.696,92.53318914
24.7212,92.51527174
24.7464,92.4973862
24.7716,92.47953234
24.7968,92.46171
24.822,92.44391901
24.8472,92.4261592
24.8724,92.40843042
24.8976,92.39073249
24.9228,92.37306527
24.948,92.35542858
24.9732,92.33782227
24.9984,92.32024619
25.0236,92.30270019
25.0488,92.28518409
25.074,92.26769776
25.0992,92.25024105
25.1244,92.23281379
25.1496,92.21541586
25.1748,92.19804708
25.2,92.18070733
25.2252,92.16339646
25.2504,92.14611431
25.2756,92.12886076
25.3008,92.11163565
25.326,92.09443885
25.3512,92.07727022
25.3764,92.06012962
25.4016,92.04301691
25.4268,92.02593196
25.452,92.00887464
25.4772,91.9918448
25.5024,91.97484232
25.5276,91.95786707
25.5528,91.94091891
25.578,91.92399772
25.6032,91.90710337
25.6284,91.89023572
25.6536,91.87339466
25.6788,91.85658006
25.704,91.8397918
25.7292,91.82302974
25.7544,91.80629378
25.7796,91.78958378
25.8048,91.77289963
25.83,91.7562412
25.8552,91.73960839
25.8804,91.72300107
25.9056,91.70641912
25.9308,91.68986242
25.956,91.67333087
25.9812,91.65682435
26.0064,91.64034275
26.0316,91.62388595
26.0568,91.60745384
26.082,91.59104631
26.1072,91.57466325
26.1324,91.55830455
26.1576,91.54197011
26.1828,91.52565981
26.208,91.50937355
26.2332,91.49311122
26.2584,91.47687272
26.2836,91.46065795
26.3088,91.44446679
26.334,91.42829915
26.3592,91.41215493
26.3844,91.39603401
26.4096,91.37993631
26.4348,91.36386172
26.46,91.34781015
26.4852,91.33178149
26.5104,91.31577565
26.5356,91.29979252
26.5608,91.28383202
26.586,91.26789405
26.6112,91.2519785
26.6364,91.2360853
26.6616,91.22021434
26.6868,91.20436553
26.712,91.18853878
26.7372,91.17273399
26.7624,91.15695108
26.7876,91.14118996
26.8128,91.12545052
26.838,91.1097327
26.8632,91.09403639
26.8884,91.07836151
26.9136,91.06270797
26.9388,91.04707568
26.964,91.03146457
26.9892,91.01587453
27.0144,91.00030549
27.0396,90.98475736
27.0648,90.96923006
27.09,90.95372351
27.1152,90.93823762
27.1404,90.9227723
27.1656,90.90732749
27.1908,90.89190309
27.216,90.87649902
27.2412,90.86111521
27.2664,90.84575158
27.2916,90.83040804
27.3168,90.81508452
27.342,90.79978094
27.3672,90.78449722
27.3924,90.76923329
27.4176,90.75398906
27.4428,90.73876447
27.468,90.72355943
27.4932,90.70837387
27.5184,90.69320773
27.5436,90.67806091
27.5688,90.66293335
27.594,90.64782498
27.6192,90.63273571
27.6444,90.61766549
27.6696,90.60261424
27.6948,90.58758188
27.72,90.57256835
27.7452,90.55757358
27.7704,90.54259749
27.7956,90.52764001
27.8208,90.51270109
27.846,90.49778064
27.8712,90.48287859
27.8964,90.46799489
27.9216,90.45312946
27.9468,90.43828224
27.972,90.42345316
27.9972,90.40864215
28.0224,90.39384915
28.0476,90.37907409
28.0728,90.36431691
28.098,90.34957754
28.1232,90.33485592
28.1484,90.32015198
28.1736,90.30546566
28.1988,90.29079689
28.224,90.27614563
28.2492,90.26151179
28.2744,90.24689532
28.2996,90.23229616
28.3248,90.21771425
28.35,90.20314952
28.3752,90.18860192
28.4004,90.17407138
28.4256,90.15955785
28.4508,90.14506126
28.476,90.13058156
28.5012,90.11611869
28.5264,90.10167258
28.5516,90.08724318
28.5768,90.07283044
28.602,90.05843429
28.6272,90.04405468
28.6524,90.02969155
28.6776,90.01534485
28.7028,90.00101451
28.728,89.98670048
28.7532,89.97240272
28.7784,89.95812115
28.8036,89.94385573
28.8288,89.9296064
28.854,89.91537311
28.8792,89.9011558
28.9044,89.88695443
28.9296,89.87276893
28.9548,89.85859925
28.98,89.84444534
29.0052,89.83030715
29.0304,89.81618463
29.0556,89.80207772
29.0808,89.78798637
29.106,89.77391053
29.1312,89.75985015
29.1564,89.74580518
29.1816,89.73177557
29.2068,89.71776127
29.232,89.70376222
29.2572,89.68977838
29.2824,89.67580971
29.3076,89.66185614
29.3328,89.64791763
29.358,89.63399413
29.3832,89.6200856
29.4084,89.60619198
29.4336,89.59231323
29.4588,89.57844929
29.484,89.56460014
29.5092,89.5507657
29.5344,89.53694595
29.5596,89.52314082
29.5848,89.50935029
29.61,89.49557429
29.6352,89.48181278
29.6604,89.46806573
29.6856,89.45433307
29.7108,89.44061477
29.736,89.42691079
29.7612,89.41322107
29.7864,89.39954558
29.8116,89.38588426
29.8368,89.37223708
29.862,89.35860399
29.8872,89.34498495
29.9124,89.33137991
29.9376,89.31778883
29.9628,89.30421167
29.988,89.29064839
30.0132,89.27709894
30.0384,89.26356328
30.0636,89.25004137
30.0888,89.23653316
30.114,89.22303863
30.1392,89.20955771
30.1644,89.19609038
30.1896,89.18263659
30.2148,89.1691963
30.24,89.15576947
30.2652,89.14235606
30.2904,89.12895604
30.3156,89.11556935
30.3408,89.10219596
30.366,89.08883583
30.3912,89.07548893
30.4164,89.0621552
30.4416,89.04883462
30.4668,89.03552715
30.492,89.02223273
30.5172,89.00895135
30.5424,88.99568296
30.5676,88.98242751
30.5928,88.96918498
30.618,88.95595533
30.6432,88.94273851
30.6684,88.9295345
30.6936,88.91634325
30.7188,88.90316472
30.744,88.88999889
30.7692,88.87684571
30.7944,88.86370514
30.8196,88.85057716
30.8448,88.83746172
30.87,88.82435879
30.8952,88.81126833
30.9204,88.79819031
30.9456,88.78512469
30.9708,88.77207144
30.996,88.75903052
31.0212,88.7460019
31.0464,88.73298554
31.0716,88.71998141
31.0968,88.70698947
31.122,88.69400969
31.1472,88.68104204
31.1724,88.66808647
31.1976,88.65514297
31.2228,88.64221148
31.248,88.62929199
31.2732,88.61638446
31.2984,88.60348884
31.3236,88.59060512
31.3488,88.57773326
31.374,88.56487322
31.3992,88.55202498
31.4244,88.53918849
31.4496,88.52636374
31.4748,88.51355068
31.5,88.50074928
31.5252,88.48795952
31.5504,88.47518136
31.5756,88.46241476
31.6008,88.44965971
31.626,88.43691616
31.6512,88.42418408
31.6764,88.41146345
31.7016,88.39875424
31.7268,88.38605641
31.752,88.37336993
31.7772,88.36069477
31.8024,88.3480309
31.8276,88.3353783
31.8528,88.32273693
31.878,88.31010676
31.9032,88.29748776
31.9284,88.2848799
31.9536,88.27228316
31.9788,88.2596975
32.004,88.2471229
32.0292,88.23455932
32.0544,88.22200674
32.0796,88.20946513
32.1048,88.19693445
32.13,88.18441469
32.1552,88.17190581
32.1804,88.15940778
32.2056,88.14692057
32.2308,88.13444417
32.256,88.12197853
32.2812,88.10952364
32.3064,88.09707946
32.3316,88.08464596
32.3568,88.07222313
32.382,88.05981092
32.4072,88.04740932
32.4324,88.0350183
32.4576,88.02263783
32.4828,88.01026788
32.508,87.99790842
32.5332,87.98555944
32.5584,87.9732209
32.5836,87.96089277
32.6088,87.94857504
32.634,87.93626767
32.6592,87.92397064
32.6844,87.91168392
32.7096,87.89940749
32.7348,87.88714131
32.76,87.87488537
32.7852,87.86263965
32.8104,87.8504041
32.8356,87.83817871
32.8608,87.82596346
32.886,87.81375831
32.9112,87.80156325
32.9364,87.78937824
32.9616,87.77720327
32.9868,87.7650383
33.012,87.75288332
33.0372,87.7407383
33.0624,87.72860321
33.0876,87.71647803
33.1128,87.70436274
33.138,87.69225731
33.1632,87.68016172
33.1884,87.66807594
33.2136,87.65599995
33.2388,87.64393373
33.264,87.63187725
33.2892,87.61983049
33.3144,87.60779342
33.3396,87.59576603
33.3648,87.58374829
33.39,87.57174017
33.4152,87.55974165
33.4404,87.54775272
33.4656,87.53577334
33.4908,87.52380349
33.516,87.51184316
33.5412,87.49989231
33.5664,87.48795094
33.5916,87.476019
33.6168,87.46409649
33.642,87.45218337
33.6672,87.44027963
33.6924,87.42838525
33.7176,87.4165002
33.7428,87.40462445
33.768,87.392758
33.7932,87.38090082
33.8184,87.36905288
33.8436,87.35721416
33.8688,87.34538465
33.894,87.33356432
33.9192,87.32175314
33.9444,87.30995111
33.9696,87.29815819
33.9948,87.28637437
34.02,87.27459962
34.0452,87.26283393
34.0704,87.25107727
34.0956,87.23932962
34.1208,87.22759096
34.146,87.21586128
34.1712,87.20414055
34.1964,87.19242874
34.2216,87.18072585
34.2468,87.16903184
34.272,87.15734671
34.2972,87.14567042
34.3224,87.13400296
34.3476,87.12234431
34.3728,87.11069445
34.398,87.09905336
34.4232,87.08742102
34.4484,87.07579741
34.4736,87.06418251
34.4988,87.0525763
34.524,87.04097876
34.5492,87.02938987
34.5744,87.01780961
34.5996,87.00623797
34.6248,86.99467492
34.65,86.98312045
34.6752,86.97157453
34.7004,86.96003715
34.7256,86.94850828
34.7508,86.93698792
34.776,86.92547604
34.8012,86.91397261
34.8264,86.90247763
34.8516,86.89099108
34.8768,86.87951293
34.902,86.86804316
34.9272,86.85658177
34.9524,86.84512873
34.9776,86.83368402
35.0028,86.82224762
35.028,86.81081952
35.0532,86.7993997
35.0784,86.78798814
35.1036,86.77658482
35.1288,86.76518972
35.154,86.75380284
35.1792,86.74242414
35.2044,86.73105361
35.2296,86.71969124
35.2548,86.708337
35.28,86.69699088
35.3052,86.68565287
35.3304,86.67432293
35.3556,86.66300107
35.3808,86.65168725
35.406,86.64038147
35.4312,86.6290837
35.4564,86.61779393
35.4816,86.60651214
35.5068,86.59523832
35.532,86.58397244
35.5572,86.5727145
35.5824,86.56146447
35.6076,86.55022234
35.6328,86.53898808
35.658,86.5277617
35.6832,86.51654316
35.7084,86.50533245
35.7336,86.49412955
35.7588,86.48293446
35.784,86.47174715
35.8092,86.4605676
35.8344,86.44939581
35.8596,86.43823174
35.8848,86.4270754
35.91,86.41592676
35.9352,86.4047858
35.9604,86.39365252
35.9856,86.38252689
36.0108,86.37140889
36.036,86.36029852
36.0612,86.34919576
36.0864,86.33810059
36.1116,86.327013
36.1368,86.31593296
36.162,86.30486047
36.1872,86.29379551
36.2124,86.28273807
36.2376,86.27168812
36.2628,86.26064566
36.288,86.24961067
36.3132,86.23858313
36.3384,86.22756303
36.3636,86.21655035
36.3888,86.20554508
36.414,86.19454721
36.4392,86.18355671
36.4644,86.17257357
36.4896,86.16159779
36.5148,86.15062934
36.54,86.13966821
36.5652,86.12871439
36.5904,86.11776785
36.6156,86.10682859
36.6408,86.09589659
36.666,86.08497184
36.6912,86.07405433
36.7164,86.06314403
36.7416,86.05224093
36.7668,86.04134502
36.792,86.03045629
36.8172,86.01957472
36.8424,86.0087003
36.8676,85.99783301
36.8928,85.98697284
36.918,85.97611978
36.9432,85.9652738
36.9684,85.95443491
36.9936,85.94360307
37.0188,85.93277829
37.044,85.92196054
37.0692,85.91114982
37.0944,85.9003461
37.1196,85.88954938
37.1448,85.87875964
37.17,85.86797686
37.1952,85.85720105
37.2204,85.84643217
37.2456,85.83567022
37.2708,85.82491518
37.296,85.81416705
37.3212,85.8034258
37.3464,85.79269143
37.3716,85.78196392
37.3968,85.77124326
37.422,85.76052943
37.4472,85.74982242
37.4724,85.73912222
37.4976,85.72842882
37.5228,85.7177422
37.548,85.70706236
37.5732,85.69638926
37.5984,85.68572292
37.6236,85.6750633
37.6488,85.66441041
37.674,85.65376422
37.6992,85.64312472
37.7244,85.63249191
37.7496,85.62186576
37.7748,85.61124627
37.8,85.60063342
37.8252,85.5900272
37.8504,85.57942761
37.8756,85.56883462
37.9008,85.55824822
37.926,85.5476684
37.9512,85.53709515
37.9764,85.52652846
38.0016,85.51596832
38.0268,85.50541471
38.052,85.49486762
38.0772,85.48432703
38.1024,85.47379295
38.1276,85.46326534
38.1528,85.45274421
38.178,85.44222954
38.2032,85.43172132
38.2284,85.42121954
38.2536,85.41072418
38.2788,85.40023524
38.304,85.38975269
38.3292,85.37927654
38.3544,85.36880676
38.3796,85.35834336
38.4048,85.3478863
38.43,85.33743559
38.4552,85.32699121
38.4804,85.31655315
38.5056,85.3061214
38.5308,85.29569595
38.556,85.28527679
38.5812,85.2748639
38.6064,85.26445727
38.6316,85.25405689
38.6568,85.24366276
38.682,85.23327485
38.7072,85.22289317
38.7324,85.21251769
38.7576,85.2021484
38.7828,85.1917853
38.808,85.18142838
38.8332,85.17107762
38.8584,85.16073301
38.8836,85.15039454
38.9088,85.1400622
38.934,85.12973598
38.9592,85.11941587
38.9844,85.10910186
39.0096,85.09879393
39.0348,85.08849208
39.06,85.0781963
39.0852,85.06790657
39.1104,85.05762288
39.1356,85.04734523
39.1608,85.0370736
39.186,85.02680798
39.2112,85.01654836
39.2364,85.00629474
39.2616,84.99604709
39.2868,84.98580542
39.312,84.9755697
39.3372,84.96533994
39.3624,84.95511611
39.3876,84.94489821
39.4128,84.93468623
39.438,84.92448016
39.4632,84.91427998
39.4884,84.9040857
39.5136,84.89389729
39.5388,84.88371474
39.564,84.87353806
39.5892,84.86336722
39.6144,84.85320222
39.6396,84.84304304
39.6648,84.83288968
39.69,84.82274213
39.7152,84.81260038
39.7404,84.80246441
39.7656,84.79233422
39.7908,84.7822098
39.816,84.77209113
39.8412,84.76197822
39.8664,84.75187104
39.8916,84.74176959
39.9168,84.73167385
39.942,84.72158383
39.9672,84.7114995
39.9924,84.70142087
40.0176,84.69134791
40.0428,84.68128062
40.068,84.671219
40.0932,84.66116302
40.1184,84.65111269
40.1436,84.64106799
40.1688,84.63102891
40.194,84.62099544
40.2192,84.61096758
40.2444,84.60094531
40.2696,84.59092863
40.2948,84.58091752
40.32,84.57091198
40.3452,84.560912
40.3704,84.55091756
40.3956,84.54092866
40.4208,84.5309453
40.446,84.52096745
40.4712,84.51099511
40.4964,84.50102828
40.5216,84.49106694
40.5468,84.48111108
40.572,84.4711607
40.5972,84.46121578
40.6224,84.45127632
40.6476,84.44134231
40.6728,84.43141373
40.698,84.42149059
40.7232,84.41157287
40.7484,84.40166055
40.7736,84.39175365
40.7988,84.38185213
40.824,84.37195601
40.8492,84.36206526
40.8744,84.35217987
40.8996,84.34229985
40.9248,84.33242518
40.95,84.32255585
40.9752,84.31269185
41.0004,84.30283318
41.0256,84.29297982
41.0508,84.28313177
41.076,84.27328902
41.1012,84.26345156
41.1264,84.25361939
41.1516,84.24379248
41.1768,84.23397084
41.202,84.22415446
41.2272,84.21434332
41.2524,84.20453743
41.2776,84.19473676
41.3028,84.18494132
41.328,84.1751511
41.3532,84.16536608
41.3784,84.15558625
41.4036,84.14581162
41.4288,84.13604217
41.454,84.12627789
41.4792,84.11651878
41.5044,84.10676482
41.5296,84.09701601
41.5548,84.08727234
41.58,84.07753381
41.6052,84.0678004
41.6304,84.0580721
41.6556,84.04834891
41.6808,84.03863083
41.706,84.02891783
41.7312,84.01920992
41.7564,84.00950708
41.7816,83.99980932
41.8068,83.99011661
41.832,83.98042895
41.8572,83.97074634
41.8824,83.96106877
41.9076,83.95139622
41.9328,83.9417287
41.958,83.93206619
41.9832,83.92240868
42.0084,83.91275617
42.0336,83.90310865
42.0588,83.89346612
42.084,83.88382855
42.1092,83.87419596
42.1344,83.86456832
42.1596,83.85494563
42.1848,83.84532789
42.21,83.83571508
42.2352,83.8261072
42.2604,83.81650425
42.2856,83.8069062
42.3108,83.79731306
42.336,83.78772482
42.3612,83.77814147
42.3864,83.768563
42.4116,83.75898941
42.4368,83.74942069
42.462,83.73985683
42.4872,83.73029782
42.5124,83.72074366
42.5376,83.71119434
42.5628,83.70164984
42.588,83.69211018
42.6132,83.68257533
42.6384,83.67304528
42.6636,83.66352005
42.6888,83.6539996
42.714,83.64448395
42.7392,83.63497307
42.7644,83.62546697
42.7896,83.61596563
42.8148,83.60646905
42.84,83.59697723
42.8652,83.58749015
42.8904,83.5780078
42.9156,83.56853019
42.9408,83.5590573
42.966,83.54958913
42.9912,83.54012567
43.0164,83.5306669
43.0416,83.52121284
43.0668,83.51176346
43.092,83.50231877
43.1172,83.49287874
43.1424,83.48344339
43.1676,83.4740127
43.1928,83.46458666
43.218,83.45516526
43.2432,83.44574851
43.2684,83.43633639
43.2936,83.4269289
43.3188,83.41752602
43.344,83.40812776
43.3692,83.39873411
43.3944,83.38934505
43.4196,83.37996059
43.4448,83.37058071
43.47,83.36120541
43.4952,83.35183468
43.5204,83.34246852
43.5456,83.33310691
43.5708,83.32374986
43.596,83.31439736
43.6212,83.30504939
43.6464,83.29570596
43.6716,83.28636705
43.6968,83.27703266
43.722,83.26770278
43.7472,83.25837741
43.7724,83.24905654
43.7976,83.23974016
43.8228,83.23042827
43.848,83.22112086
43.8732,83.21181792
43.8984,83.20251945
43.9236,83.19322544
43.9488,83.18393589
43.974,83.17465078
43.9992,83.16537012
44.0244,83.15609389
44.0496,83.14682208
44.0748,83.13755471
44.1,83.12829174
44.1252,83.11903319
44.1504,83.10977904
44.1756,83.10052929
44.2008,83.09128393
44.226,83.08204295
44.2512,83.07280635
44.2764,83.06357413
44.3016,83.05434627
44.3268,83.04512277
44.352,83.03590363
44.3772,83.02668883
44.4024,83.01747837
44.4276,83.00827225
44.4528,82.99907046
44.478,82.98987299
44.5032,82.98067984
44.5284,82.971491
44.5536,82.96230646
44.5788,82.95312623
44.604,82.94395028
44.6292,82.93477862
44.6544,82.92561125
44.6796,82.91644815
44.7048,82.90728931
44.73,82.89813475
44.7552,82.88898443
44.7804,82.87983837
44.8056,82.87069655
44.8308,82.86155898
44.856,82.85242563
44.8812,82.84329652
44.9064,82.83417162
44.9316,82.82505094
44.9568,82.81593447
44.982,82.80682221
45.0072,82.79771414
45.0324,82.78861026
45.0576,82.77951058
45.0828,82.77041507
45.108,82.76132374
45.1332,82.75223657
45.1584,82.74315358
45.1836,82.73407473
45.2088,82.72500005
45.234,82.7159295
45.2592,82.7068631
45.2844,82.69780083
45.3096,82.6887427
45.3348,82.67968868
45.36,82.67063879
45.3852,82.66159301
45.4104,82.65255133
45.4356,82.64351376
45.4608,82.63448028
45.486,82.62545089
45.5112,82.61642559
45.5364,82.60740437
45.5616,82.59838722
45.5868,82.58937414
45.612,82.58036512
45.6372,82.57136016
45.6624,82.56235925
45.6876,82.55336238
45.7128,82.54436956
45.738,82.53538077
45.7632,82.52639602
45.7884,82.51741528
45.8136,82.50843857
45.8388,82.49946587
45.864,82.49049718
45.8892,82.48153249
45.9144,82.4725718
45.9396,82.4636151
45.9648,82.45466239
45.99,82.44571366
46.0152,82.4367689
46.0404,82.42782812
46.0656,82.41889131
46.0908,82.40995845
46.116,82.40102955
46.1412,82.3921046
46.1664,82.38318359
46.1916,82.37426652
46.2168,82.36535339
46.242,82.35644419
46.2672,82.34753891
46.2924,82.33863754
46.3176,82.3297401
46.3428,82.32084656
46.368,82.31195692
46.3932,82.30307118
46.4184,82.29418934
46.4436,82.28531138
46.4688,82.27643731
46.494,82.26756711
46.5192,82.25870079
46.5444,82.24983833
46.5696,82.24097974
46.5948,82.232125
46.62,82.22327412
46.6452,82.21442708
46.6704,82.20558389
46.6956,82.19674453
46.7208,82.187909
46.746,82.17907731
46.7712,82.17024943
46.7964,82.16142537
46.8216,82.15260513
46.8468,82.14378869
46.872,82.13497606
46.8972,82.12616722
46.9224,82.11736218
46.9476,82.10856092
46.9728,82.09976345
46.998,82.09096975
47.0232,82.08217983
47.0484,82.07339368
47.0736,82.06461129
47.0988,82.05583266
47.124,82.04705778
47.1492,82.03828665
47.1744,82.02951927
47.1996,82.02075563
47.2248,82.01199572
47.25,82.00323954
47.2752,81.99448708
47.3004,81.98573835
47.3256,81.97699333
47.3508,81.96825203
47.376,81.95951443
47.4012,81.95078053
47.4264,81.94205033
47.4516,81.93332382
47.4768,81.924601
47.502,81.91588186
47.5272,81.9071664
47.5524,81.89845461
47.5776,81.88974649
47.6028,81.88104204
47.628,81.87234124
47.6532,81.8636441
47.6784,81.85495061
47.7036,81.84626077
47.7288,81.83757457
47.754,81.828892
47.7792,81.82021307
47.8044,81.81153776
47.8296,81.80286608
47.8548,81.79419802
47.88,81.78553356
47.9052,81.77687272
47.9304,81.76821549
47.9556,81.75956185
47.9808,81.75091181
48.006,81.74226537
48.0312,81.7336225
48.0564,81.72498323
48.0816,81.71634753
48.1068,81.7077154
48.132,81.69908684
48.1572,81.69046185
48.1824,81.68184042
48.2076,81.67322254
48.2328,81.66460821
48.258,81.65599744
48.2832,81.6473902
48.3084,81.6387865
48.3336,81.63018634
48.3588,81.62158971
48.384,81.6129966
48.4092,81.60440702
48.4344,81.59582095
48.4596,81.58723839
48.4848,81.57865934
48.51,81.57008379
48.5352,81.56151175
48.5604,81.5529432
48.5856,81.54437814
48.6108,81.53581657
48.636,81.52725848
48.6612,81.51870386
48.6864,81.51015272
48.7116,81.50160506
48.7368,81.49306085
48.762,81.48452011
48.7872,81.47598283
48.8124,81.46744899
48.8376,81.45891861
48.8628,81.45039167
48.888,81.44186817
48.9132,81.43334811
48.9384,81.42483148
48.9636,81.41631828
48.9888,81.4078085
49.014,81.39930214
49.0392,81.3907992
49.0644,81.38229967
49.0896,81.37380354
49.1148,81.36531082
49.14,81.3568215
49.1652,81.34833557
49.1904,81.33985304
49.2156,81.33137389
49.2408,81.32289812
49.266,81.31442574
49.2912,81.30595672
49.3164,81.29749108
49.3416,81.28902881
49.3668,81.28056989
49.392,81.27211434
49.4172,81.26366214
49.4424,81.25521329
49.4676,81.24676779
49.4928,81.23832563
49.518,81.22988681
49.5432,81.22145133
49.5684,81.21301917
49.5936,81.20459035
49.6188,81.19616484
49.644,81.18774266
49.6692,81.17932379
49.6944,81.17090823
49.7196,81.16249598
49.7448,81.15408703
49.77,81.14568138
49.7952,81.13727903
49.8204,81.12887997
49.8456,81.12048419
49.8708,81.1120917
49.896,81.1037025
49.9212,81.09531656
49.9464,81.0869339
49.9716,81.07855451
49.9968,81.07017839
50.022,81.06180552
50.0472,81.05343591
50.0724,81.04506956
50.0976,81.03670646
50.1228,81.0283466
50.148,81.01998998
50.1732,81.0116366
50.1984,81.00328646
50.2236,80.99493955
50.2488,80.98659586
50.274,80.9782554
50.2992,80.96991816
50.3244,80.96158413
50.3496,80.95325332
50.3748,80.94492571
50.4,80.93660131
50.4252,80.92828011
50.4504,80.91996211
50.4756,80.9116473
50.5008,80.90333568
50.526,80.89502725
50.5512,80.886722
50.5764,80.87841993
50.6016,80.87012103
50.6268,80.86182531
50.652,80.85353275
50.6772,80.84524336
50.7024,80.83695713
50.7276,80.82867406
50.7528,80.82039414
50.778,80.81211737
50.8032,80.80384375
50.8284,80.79557327
50.8536,80.78730593
50.8788,80.77904172
50.904,80.77078065
50.9292,80.7625227
50.9544,80.75426789
50.9796,80.74601619
51.0048,80.73776761
51.03,80.72952214
51.0552,80.72127979
51.0804,80.71304054
51.1056,80.7048044
51.1308,80.69657136
51.156,80.68834141
51.1812,80.68011456
51.2064,80.6718908
51.2316,80.66367012
51.2568,80.65545253
51.282,80.64723801
51.3072,80.63902658
51.3324,80.63081821
51.3576,80.62261292
51.3828,80.61441069
51.408,80.60621152
51.4332,80.59801541
51.4584,80.58982236
51.4836,80.58163235
51.5088,80.5734454
51.534,80.56526149
51.5592,80.55708063
51.5844,80.5489028
51.6096,80.54072801
51.6348,80.53255624
51.66,80.52438751
51.6852,80.5162218
51.7104,80.50805912
51.7356,80.49989945
51.7608,80.4917428
51.786,80.48358915
51.8112,80.47543852
51.8364,80.46729089
51.8616,80.45914626
51.8868,80.45100464
51.912,80.442866
51.9372,80.43473036
51.9624,80.4265977
51.9876,80.41846803
52.0128,80.41034135
52.038,80.40221764
52.0632,80.3940969
52.0884,80.38597914
52.1136,80.37786435
52.1388,80.36975252
52.164,80.36164365
52.1892,80.35353775
52.2144,80.3454348
52.2396,80.3373348
52.2648,80.32923775
52.29,80.32114364
52.3152,80.31305248
52.3404,80.30496426
52.3656,80.29687898
52.3908,80.28879662
52.416,80.2807172
52.4412,80.27264071
52.4664,80.26456714
52.4916,80.25649648
52.5168,80.24842875
52.542,80.24036393
52.5672,80.23230202
52.5924,80.22424302
52.6176,80.21618693
52.6428,80.20813373
52.668,80.20008343
52.6932,80.19203603
52.7184,80.18399153
52.7436,80.17594991
52.7688,80.16791117
52.794,80.15987532
52.8192,80.15184235
52.8444,80.14381225
52.8696,80.13578503
52.8948,80.12776068
52.92,80.1197392
52.9452,80.11172058
52.9704,80.10370482
52.9956,80.09569192
53.0208,80.08768188
53.046,80.07967469
53.0712,80.07167034
53.0964,80.06366885
53.1216,80.05567019
53.1468,80.04767438
53.172,80.0396814
53.1972,80.03169125
53.2224,80.02370394
53.2476,80.01571946
53.2728,80.0077378
53.298,79.99975896
53.3232,79.99178294
53.3484,79.98380974
53.3736,79.97583935
53.3988,79.96787176
53.424,79.95990699
53.4492,79.95194502
53.4744,79.94398585
53.4996,79.93602948
53.5248,79.92807591
53.55,79.92012512
53.5752,79.91217713
53.6004,79.90423192
53.6256,79.8962895
53.6508,79.88834985
53.676,79.88041299
53.7012,79.8724789
53.7264,79.86454758
53.7516,79.85661903
53.7768,79.84869324
53.802,79.84077022
53.8272,79.83284996
53.8524,79.82493245
53.8776,79.8170177
53.9028,79.8091057
53.928,79.80119645
53.9532,79.79328995
53.9784,79.78538619
54.0036,79.77748517
54.0288,79.76958688
54.054,79.76169133
54.0792,79.75379852
54.1044,79.74590843
54.1296,79.73802106
54.1548,79.73013642
54.18,79.7222545
54.2052,79.7143753
54.2304,79.70649881
54.2556,79.69862504
54.2808,79.69075397
54.306,79.68288561
54.3312,79.67501995
54.3564,79.66715699
54.3816,79.65929673
54.4068,79.65143917
54.432,79.6435843
54.4572,79.63573212
54.4824,79.62788262
54.5076,79.62003581
54.5328,79.61219168
54.558,79.60435023
54.5832,79.59651145
54.6084,79.58867535
54.6336,79.58084192
54.6588,79.57301115
54.684,79.56518305
54.7092,79.55735762
54.7344,79.54953484
54.7596,79.54171472
54.7848,79.53389725
54.81,79.52608244
54.8352,79.51827027
54.8604,79.51046075
54.8856,79.50265387
54.9108,79.49484963
54.936,79.48704803
54.9612,79.47924907
54.9864,79.47145274
55.0116,79.46365903
55.0368,79.45586796
55.062,79.44807951
55.0872,79.44029368
55.1124,79.43251047
55.1376,79.42472988
55.1628,79.4169519
55.188,79.40917654
55.2132,79.40140378
55.2384,79.39363363
55.2636,79.38586608
55.2888,79.37810113
55.314,79.37033878
55.3392,79.36257903
55.3644,79.35482187
55.3896,79.3470673
55.4148,79.33931531
55.44,79.33156592
55.4652,79.3238191
55.4904,79.31607487
55.5156,79.30833321
55.5408,79.30059413
55.566,79.29285762
55.5912,79.28512368
55.6164,79.27739231
55.6416,79.2696635
55.6668,79.26193726
55.692,79.25421357
55.7172,79.24649245
55.7424,79.23877387
55.7676,79.23105785
55.7928,79.22334438
55.818,79.21563345
55.8432,79.20792507
55.8684,79.20021923
55.8936,79.19251593
55.9188,79.18481517
55.944,79.17711694
55.9692,79.16942125
55.9944,79.16172808
56.0196,79.15403744
56.0448,79.14634932
56.07,79.13866373
56.0952,79.13098065
56.1204,79.1233001
56.1456,79.11562205
56.1708,79.10794652
56.196,79.1002735
56.2212,79.09260299
56.2464,79.08493498
56.2716,79.07726947
56.2968,79.06960646
56.322,79.06194595
56.3472,79.05428794
56.3724,79.04663242
56.3976,79.03897938
56.4228,79.03132884
56.448,79.02368078
56.4732,79.0160352
56.4984,79.0083921
56.5236,79.00075149
56.5488,78.99311334
56.574,78.98547767
56.5992,78.97784447
56.6244,78.97021374
56.6496,78.96258547
56.6748,78.95495967
56.7,78.94733633
56.7252,78.93971545
56.7504,78.93209702
56.7756,78.92448105
56.8008,78.91686753
56.826,78.90925646
56.8512,78.90164784
56.8764,78.89404166
56.9016,78.88643792
56.9268,78.87883662
56.952,78.87123776
56.9772,78.86364134
57.0024,78.85604734
57.0276,78.84845578
57.0528,78.84086665
57.078,78.83327994
57.1032,78.82569566
57.1284,78.81811379
57.1536,78.81053435
57.1788,78.80295732
57.204,78.79538271
57.2292,78.78781051
57.2544,78.78024072
57.2796,78.77267333
57.3048,78.76510835
57.33,78.75754577
57.3552,78.7499856
57.3804,78.74242782
57.4056,78.73487244
57.4308,78.72731945
57.456,78.71976885
57.4812,78.71222064
57.5064,78.70467482
57.5316,78.69713138
57.5568,78.68959033
57.582,78.68205165
57.6072,78.67451536
57.6324,78.66698143
57.6576,78.65944989
57.6828,78.65192071
57.708,78.6443939
57.7332,78.63686946
57.7584,78.62934738
57.7836,78.62182767
57.8088,78.61431031
57.834,78.60679531
57.8592,78.59928267
57.8844,78.59177238
57.9096,78.58426444
57.9348,78.57675885
57.96,78.56925561
57.9852,78.56175471
58.0104,78.55425615
58.0356,78.54675994
58.0608,78.53926606
58.086,78.53177452
58.1112,78.52428531
58.1364,78.51679843
58.1616,78.50931388
58.1868,78.50183166
58.212,78.49435176
58.2372,78.48687418
58.2624,78.47939893
58.2876,78.47192599
58.3128,78.46445537
58.338,78.45698707
58.3632,78.44952107
58.3884,78.44205739
58.4136,78.43459601
58.4388,78.42713694
58.464,78.41968017
58.4892,78.4122257
58.5144,78.40477353
58.5396,78.39732366
58.5648,78.38987609
58.59,78.3824308
58.6152,78.37498781
58.6404,78.3675471
58.6656,78.36010868
58.6908,78.35267255
58.716,78.3452387
58.7412,78.33780712
58.7664,78.33037783
58.7916,78.32295081
58.8168,78.31552606
58.842,78.30810359
58.8672,78.30068339
58.8924,78.29326545
58.9176,78.28584978
58.9428,78.27843637
58.968,78.27102522
58.9932,78.26361634
59.0184,78.2562097
59.0436,78.24880533
59.0688,78.24140321
59.094,78.23400333
59.1192,78.22660571
59.1444,78.21921034
59.1696,78.2118172
59.1948,78.20442632
59.22,78.19703767
59.2452,78.18965126
59.2704,78.18226709
59.2956,78.17488515
59.3208,78.16750544
59.346,78.16012797
59.3712,78.15275272
59.3964,78.1453797
59.4216,78.1380089
59.4468,78.13064033
59.472,78.12327398
59.4972,78.11590984
59.5224,78.10854793
59.5476,78.10118822
59.5728,78.09383073
59.598,78.08647545
59.6232,78.07912238
59.6484,78.07177151
59.6736,78.06442285
59.6988,78.05707639
59.724,78.04973214
59.7492,78.04239008
59.7744,78.03505021
59.7996,78.02771255
59.8248,78.02037707
59.85,78.01304379
59.8752,78.00571269
59.9004,77.99838378
59.9256,77.99105706
59.9508,77.98373251
59.976,77.97641015
60.0012,77.96908997
60.0264,77.96177197
60.0516,77.95445614
60.0768,77.94714248
60.102,77.93983099
60.1272,77.93252168
60.1524,77.92521453
60.1776,77.91790954
60.2028,77.91060672
60.228,77.90330607
60.2532,77.89600757
60.2784,77.88871123
60.3036,77.88141704
60.3288,77.87412501
60.354,77.86683513
60.3792,77.8595474
60.4044,77.85226182
60.4296,77.84497838
60.4548,77.83769709
60.48,77.83041795
60.5052,77.82314094
60.5304,77.81586607
60.5556,77.80859334
60.5808,77.80132274
60.606,77.79405428
60.6312,77.78678794
60.6564,77.77952374
60.6816,77.77226167
60.7068,77.76500172
60.732,77.75774389
60.7572,77.75048818
60.7824,77.7432346
60.8076,77.73598313
60.8328,77.72873378
60.858,77.72148655
60.8832,77.71424142
60.9084,77.70699841
60.9336,77.69975751
60.9588,77.69251871
60.984,77.68528202
61.0092,77.67804743
61.0344,77.67081495
61.0596,77.66358456
61.0848,77.65635627
61.11,77.64913008
61.1352,77.64190598
61.1604,77.63468397
61.1856,77.62746406
61.2108,77.62024623
61.236,77.61303049
61.2612,77.60581684
61.2864,77.59860527
61.3116,77.59139578
61.3368,77.58418837
61.362,77.57698304
61.3872,77.56977978
61.4124,77.5625786
61.4376,77.55537949
61.4628,77.54818245
61.488,77.54098748
61.5132,77.53379458
61.5384,77.52660375
61.5636,77.51941497
61.5888,77.51222826
61.614,77.50504361
61.6392,77.49786102
61.6644,77.49068048
61.6896,77.483502
61.7148,77.47632558
61.74,77.4691512
61.7652,77.46197887
61.7904,77.45480859
61.8156,77.44764036
61.8408,77.44047417
61.866,77.43331002
61.8912,77.42614792
61.9164,77.41898785
61.9416,77.41182982
61.9668,77.40467383
61.992,77.39751987
62.0172,77.39036794
62.0424,77.38321804
62.0676,77.37607018
62.0928,77.36892433
62.118,77.36178052
62.1432,77.35463872
62.1684,77.34749895
62.1936,77.3403612
62.2188,77.33322547
62.244,77.32609175
62.2692,77.31896005
62.2944,77.31183036
62.3196,77.30470268
62.3448,77.29757702
62.37,77.29045336
62.3952,77.2833317
62.4204,77.27621206
62.4456,77.26909441
62.4708,77.26197877
62.496,77.25486512
62.5212,77.24775348
62.5464,77.24064383
62.5716,77.23353617
62.5968,77.22643051
62.622,77.21932684
62.6472,77.21222516
62.6724,77.20512546
62.6976,77.19802775
62.7228,77.19093203
62.748,77.18383829
62.7732,77.17674653
62.7984,77.16965675
62.8236,77.16256895
62.8488,77.15548313
62.874,77.14839927
62.8992,77.1413174
62.9244,77.13423749
62.9496,77.12715955
62.9748,77.12008358
63,77.11300958
63.0252,77.10593754
63.0504,77.09886747
63.0756,77.09179936
63.1008,77.0847332
63.126,77.07766901
63.1512,77.07060677
63.1764,77.06354649
63.2016,77.05648815
63.2268,77.04943178
63.252,77.04237735
63.2772,77.03532487
63.3024,77.02827433
63.3276,77.02122575
63.3528,77.0141791
63.378,77.0071344
63.4032,77.00009164
63.4284,76.99305081
63.4536,76.98601193
63.4788,76.97897498
63.504,76.97193996
63.5292,76.96490688
63.5544,76.95787573
63.5796,76.9508465
63.6048,76.94381921
63.63,76.93679384
63.6552,76.92977039
63.6804,76.92274887
63.7056,76.91572927
63.7308,76.90871158
63.756,76.90169582
63.7812,76.89468197
63.8064,76.88767004
63.8316,76.88066003
63.8568,76.87365192
63.882,76.86664572
63.9072,76.85964144
63.9324,76.85263906
63.9576,76.84563858
63.9828,76.83864001
64.008,76.83164334
64.0332,76.82464858
64.0584,76.81765571
64.0836,76.81066474
64.1088,76.80367567
64.134,76.79668849
64.1592,76.78970321
64.1844,76.78271981
64.2096,76.77573831
64.2348,76.7687587
64.26,76.76178097
64.2852,76.75480513
64.3104,76.74783117
64.3356,76.7408591
64.3608,76.7338889
64.386,76.72692059
64.4112,76.71995415
64.4364,76.71298959
64.4616,76.70602691
64.4868,76.6990661
64.512,76.69210716
64.5372,76.68515009
64.5624,76.67819489
64.5876,76.67124156
64.6128,76.66429009
64.638,76.65734049
64.6632,76.65039275
64.6884,76.64344687
64.7136,76.63650285
64.7388,76.62956069
64.764,76.62262039
64.7892,76.61568194
64.8144,76.60874535
64.8396,76.60181061
64.8648,76.59487772
64.89,76.58794668
64.9152,76.58101749
64.9404,76.57409014
64.9656,76.56716464
64.9908,76.56024099
65.016,76.55331917
65.0412,76.5463992
65.0664,76.53948106
65.0916,76.53256477
65.1168,76.5256503
65.142,76.51873768
65.1672,76.51182689
65.1924,76.50491793
65.2176,76.49801079
65.2428,76.49110549
65.268,76.48420202
65.2932,76.47730037
65.3184,76.47040055
65.3436,76.46350255
65.3688,76.45660637
65.394,76.44971201
65.4192,76.44281947
65.4444,76.43592875
65.4696,76.42903985
65.4948,76.42215275
65.52,76.41526748
65.5452,76.40838401
65.5704,76.40150235
65.5956,76.39462251
65.6208,76.38774447
65.646,76.38086823
65.6712,76.3739938
65.6964,76.36712118
65.7216,76.36025035
65.7468,76.35338133
65.772,76.3465141
65.7972,76.33964867
65.8224,76.33278504
65.8476,76.32592321
65.8728,76.31906316
65.898,76.31220491
65.9232,76.30534845
65.9484,76.29849377
65.9736,76.29164089
65.9988,76.28478979
66.024,76.27794048
66.0492,76.27109295
66.0744,76.2642472
66.0996,76.25740323
66.1248,76.25056104
66.15,76.24372063
66.1752,76.236882
66.2004,76.23004514
66.2256,76.22321005
66.2508,76.21637674
66.276,76.2095452
66.3012,76.20271542
66.3264,76.19588742
66.3516,76.18906118
66.3768,76.18223671
66.402,76.175414
66.4272,76.16859306
66.4524,76.16177388
66.4776,76.15495645
66.5028,76.14814079
66.528,76.14132688
66.5532,76.13451473
66.5784,76.12770433
66.6036,76.12089569
66.6288,76.11408879
66.654,76.10728365
66.6792,76.10048026
66.7044,76.09367862
66.7296,76.08687872
66.7548,76.08008057
66.78,76.07328416
66.8052,76.06648949
66.8304,76.05969656
66.8556,76.05290538
66.8808,76.04611593
66.906,76.03932822
66.9312,76.03254225
66.9564,76.02575801
66.9816,76.0189755
67.0068,76.01219472
67.032,76.00541568
67.0572,75.99863836
67.0824,75.99186278
67.1076,75.98508891
67.1328,75.97831678
67.158,75.97154637
67.1832,75.96477768
67.2084,75.95801071
67.2336,75.95124546
67.2588,75.94448193
67.284,75.93772012
67.3092,75.93096002
67.3344,75.92420164
67.3596,75.91744497
67.3848,75.91069001
67.41,75.90393677
67.4352,75.89718523
67.4604,75.8904354
67.4856,75.88368728
67.5108,75.87694086
67.536,75.87019615
67.5612,75.86345314
67.5864,75.85671184
67.6116,75.84997223
67.6368,75.84323432
67.662,75.83649811
67.6872,75.8297636
67.7124,75.82303078
67.7376,75.81629966
67.7628,75.80957023
67.788,75.80284249
67.8132,75.79611644
67.8384,75.78939208
67.8636,75.78266941
67.8888,75.77594842
67.914,75.76922912
67.9392,75.7625115
67.9644,75.75579557
67.9896,75.74908131
68.0148,75.74236874
68.04,75.73565784
68.0652,75.72894863
68.0904,75.72224109
68.1156,75.71553522
68.1408,75.70883103
68.166,75.70212851
68.1912,75.69542766
68.2164,75.68872848
68.2416,75.68203097
68.2668,75.67533513
68.292,75.66864095
68.3172,75.66194844
68.3424,75.6552576
68.3676,75.64856841
68.3928,75.64188089
68.418,75.63519502
68.4432,75.62851082
68.4684,75.62182827
68.4936,75.61514738
68.5188,75.60846815
68.544,75.60179056
68.5692,75.59511464
68.5944,75.58844036
68.6196,75.58176773
68.6448,75.57509675
68.67,75.56842742
68.6952,75.56175974
68.7204,75.5550937
68.7456,75.5484293
68.7708,75.54176655
68.796,75.53510544
68.8212,75.52844597
68.8464,75.52178814
68.8716,75.51513195
68.8968,75.5084774
68.922,75.50182448
68.9472,75.49517319
68.9724,75.48852354
68.9976,75.48187552
69.0228,75.47522913
69.048,75.46858437
69.0732,75.46194124
69.0984,75.45529973
69.1236,75.44865986
69.1488,75.4420216
69.174,75.43538497
69.1992,75.42874997
69.2244,75.42211658
69.2496,75.41548481
69.2748,75.40885467
69.3,75.40222614
69.3252,75.39559923
69.3504,75.38897393
69.3756,75.38235024
69.4008,75.37572817
69.426,75.36910772
69.4512,75.36248887
69.4764,75.35587163
69.5016,75.349256
69.5268,75.34264198
69.552,75.33602956
69.5772,75.32941875
69.6024,75.32280954
69.6276,75.31620193
69.6528,75.30959593
69.678,75.30299152
69.7032,75.29638872
69.7284,75.28978751
69.7536,75.2831879
69.7788,75.27658988
69.804,75.26999346
69.8292,75.26339863
69.8544,75.25680539
69.8796,75.25021375
69.9048,75.24362369
69.93,75.23703522
69.9552,75.23044834
69.9804,75.22386305
70.0056,75.21727934
70.0308,75.21069722
70.056,75.20411667
70.0812,75.19753771
70.1064,75.19096033
70.1316,75.18438453
70.1568,75.17781031
70.182,75.17123767
70.2072,75.1646666
70.2324,75.1580971
70.2576,75.15152918
70.2828,75.14496283
70.308,75.13839806
70.3332,75.13183485
70.3584,75.12527321
70.3836,75.11871315
70.4088,75.11215464
70.434,75.10559771
70.4592,75.09904234
70.4844,75.09248853
70.5096,75.08593628
70.5348,75.0793856
70.56,75.07283648
70.5852,75.06628891
70.6104,75.0597429
70.6356,75.05319845
70.6608,75.04665556
70.686,75.04011422
70.7112,75.03357444
70.7364,75.0270362
70.7616,75.02049952
70.7868,75.01396439
70.812,75.00743081
70.8372,75.00089877
70.8624,74.99436829
70.8876,74.98783934
70.9128,74.98131195
70.938,74.97478609
70.9632,74.96826178
70.9884,74.96173902
71.0136,74.95521779
71.0388,74.9486981
71.064,74.94217995
71.0892,74.93566333
71.1144,74.92914825
71.1396,74.92263471
71.1648,74.9161227
71.19,74.90961223
71.2152,74.90310328
71.2404,74.89659587
71.2656,74.89008998
71.2908,74.88358563
71.316,74.8770828
71.3412,74.8705815
71.3664,74.86408172
71.3916,74.85758347
71.4168,74.85108674
71.442,74.84459153
71.4672,74.83809784
71.4924,74.83160567
71.5176,74.82511503
71.5428,74.8186259
71.568,74.81213828
71.5932,74.80565218
71.6184,74.7991676
71.6436,74.79268453
71.6688,74.78620297
71.694,74.77972293
71.7192,74.77324439
71.7444,74.76676736
71.7696,74.76029184
71.7948,74.75381783
71.82,74.74734533
71.8452,74.74087433
71.8704,74.73440483
71.8956,74.72793684
71.9208,74.72147035
71.946,74.71500536
71.9712,74.70854187
71.9964,74.70207987
72.0216,74.69561938
72.0468,74.68916038
72.072,74.68270288
72.0972,74.67624687
72.1224,74.66979236
72.1476,74.66333934
72.1728,74.65688781
72.198,74.65043777
72.2232,74.64398922
72.2484,74.63754216
72.2736,74.63109659
72.2988,74.6246525
72.324,74.6182099
72.3492,74.61176878
72.3744,74.60532915
72.3996,74.59889099
72.4248,74.59245432
72.45,74.58601913
72.4752,74.57958542
72.5004,74.57315319
72.5256,74.56672243
72.5508,74.56029315
72.576,74.55386534
72.6012,74.54743901
72.6264,74.54101416
72.6516,74.53459077
72.6768,74.52816886
72.702,74.52174841
72.7272,74.51532944
72.7524,74.50891193
72.7776,74.50249589
72.8028,74.49608131
72.828,74.4896682
72.8532,74.48325656
72.8784,74.47684637
72.9036,74.47043765
72.9288,74.46403039
72.954,74.4576246
72.9792,74.45122025
73.0044,74.44481737
73.0296,74.43841595
73.0548,74.43201598
73.08,74.42561746
73.1052,74.4192204
73.1304,74.4128248
73.1556,74.40643064
73.1808,74.40003794
73.206,74.39364668
73.2312,74.38725688
73.2564,74.38086852
73.2816,74.37448161
73.3068,74.36809615
73.332,74.36171213
73.3572,74.35532955
73.3824,74.34894842
73.4076,74.34256873
73.4328,74.33619049
73.458,74.32981368
73.4832,74.32343831
73.5084,74.31706438
73.5336,74.31069189
73.5588,74.30432083
73.584,74.29795121
73.6092,74.29158303
73.6344,74.28521627
73.6596,74.27885095
73.6848,74.27248707
73.71,74.26612461
73.7352,74.25976358
73.7604,74.25340398
73.7856,74.24704581
73.8108,74.24068906
73.836,74.23433374
73.8612,74.22797985
73.8864,74.22162738
73.9116,74.21527633
73.9368,74.2089267
73.962,74.2025785
73.9872,74.19623171
74.0124,74.18988635
74.0376,74.1835424
74.0628,74.17719987
74.088,74.17085875
74.1132,74.16451905
74.1384,74.15818077
74.1636,74.1518439
74.1888,74.14550844
74.214,74.13917439
74.2392,74.13284175
74.2644,74.12651053
74.2896,74.12018071
74.3148,74.1138523
74.34,74.10752529
74.3652,74.10119969
74.3904,74.0948755
74.4156,74.08855271
74.4408,74.08223132
74.466,74.07591134
74.4912,74.06959276
74.5164,74.06327557
74.5416,74.05695979
74.5668,74.0506454
74.592,74.04433242
74.6172,74.03802082
74.6424,74.03171063
74.6676,74.02540183
74.6928,74.01909442
74.718,74.0127884
74.7432,74.00648378
74.7684,74.00018055
74.7936,73.99387871
74.8188,73.98757826
74.844,73.98127919
74.8692,73.97498151
74.8944,73.96868522
74.9196,73.96239032
74.9448,73.9560968
74.97,73.94980466
74.9952,73.94351391
75.0204,73.93722454
75.0456,73.93093654
75.0708,73.92464993
75.096,73.9183647
75.1212,73.91208085
75.1464,73.90579837
75.1716,73.89951727
75.1968,73.89323754
75.222,73.88695919
75.2472,73.88068222
75.2724,73.87440661
75.2976,73.86813238
75.3228,73.86185952
75.348,73.85558803
75.3732,73.84931791
75.3984,73.84304915
75.4236,73.83678177
75.4488,73.83051575
75.474,73.82425109
75.4992,73.8179878
75.5244,73.81172588
75.5496,73.80546531
75.5748,73.79920611